observation_date,DGS10
1992-01-02,6.78
1992-01-03,6.85
1992-01-06,6.82
1992-01-07,6.76
1992-01-08,6.77
1992-01-09,6.79
1992-01-10,6.85
1992-01-13,6.92
1992-01-14,7.03
1992-01-15,7.05
1992-01-16,7.13
1992-01-17,7.09
1992-01-20,
1992-01-21,7.03
1992-01-22,7.09
1992-01-23,7.20
1992-01-24,7.25
1992-01-27,7.24
1992-01-28,7.16
1992-01-29,7.25
1992-01-30,7.31
1992-01-31,7.31
1992-02-03,7.36
1992-02-04,7.29
1992-02-05,7.21
1992-02-06,7.20
1992-02-07,7.20
1992-02-10,7.21
1992-02-11,7.23
1992-02-12,7.30
1992-02-13,7.40
1992-02-14,7.41
1992-02-17,
1992-02-18,7.47
1992-02-19,7.42
1992-02-20,7.41
1992-02-21,7.45
1992-02-24,7.47
1992-02-25,7.44
1992-02-26,7.33
1992-02-27,7.35
1992-02-28,7.27
1992-03-02,7.38
1992-03-03,7.43
1992-03-04,7.43
1992-03-05,7.51
1992-03-06,7.48
1992-03-09,7.42
1992-03-10,7.43
1992-03-11,7.51
1992-03-12,7.62
1992-03-13,7.71
1992-03-16,7.69
1992-03-17,7.62
1992-03-18,7.62
1992-03-19,7.57
1992-03-20,7.64
1992-03-23,7.62
1992-03-24,7.53
1992-03-25,7.53
1992-03-26,7.57
1992-03-27,7.54
1992-03-30,7.54
1992-03-31,7.54
1992-04-01,7.46
1992-04-02,7.47
1992-04-03,7.42
1992-04-06,7.41
1992-04-07,7.41
1992-04-08,7.44
1992-04-09,7.35
1992-04-10,7.37
1992-04-13,7.33
1992-04-14,7.35
1992-04-15,7.37
1992-04-16,7.45
1992-04-17,
1992-04-20,7.59
1992-04-21,7.58
1992-04-22,7.57
1992-04-23,7.59
1992-04-24,7.55
1992-04-27,7.60
1992-04-28,7.57
1992-04-29,7.60
1992-04-30,7.61
1992-05-01,7.56
1992-05-04,7.58
1992-05-05,7.56
1992-05-06,7.46
1992-05-07,7.49
1992-05-08,7.41
1992-05-11,7.40
1992-05-12,7.36
1992-05-13,7.34
1992-05-14,7.34
1992-05-15,7.28
1992-05-18,7.28
1992-05-19,7.20
1992-05-20,7.25
1992-05-21,7.39
1992-05-22,7.35
1992-05-25,
1992-05-26,7.46
1992-05-27,7.44
1992-05-28,7.36
1992-05-29,7.33
1992-06-01,7.39
1992-06-02,7.35
1992-06-03,7.34
1992-06-04,7.34
1992-06-05,7.31
1992-06-08,7.31
1992-06-09,7.33
1992-06-10,7.35
1992-06-11,7.33
1992-06-12,7.29
1992-06-15,7.28
1992-06-16,7.24
1992-06-17,7.23
1992-06-18,7.19
1992-06-19,7.24
1992-06-22,7.24
1992-06-23,7.25
1992-06-24,7.20
1992-06-25,7.14
1992-06-26,7.15
1992-06-29,7.12
1992-06-30,7.14
1992-07-01,7.10
1992-07-02,6.93
1992-07-03,
1992-07-06,6.90
1992-07-07,6.87
1992-07-08,6.91
1992-07-09,6.91
1992-07-10,6.93
1992-07-13,6.97
1992-07-14,6.97
1992-07-15,6.90
1992-07-16,6.87
1992-07-17,6.90
1992-07-20,6.90
1992-07-21,6.89
1992-07-22,6.85
1992-07-23,6.72
1992-07-24,6.73
1992-07-27,6.69
1992-07-28,6.63
1992-07-29,6.60
1992-07-30,6.69
1992-07-31,6.72
1992-08-03,6.72
1992-08-04,6.66
1992-08-05,6.64
1992-08-06,6.65
1992-08-07,6.57
1992-08-10,6.52
1992-08-11,6.50
1992-08-12,6.48
1992-08-13,6.55
1992-08-14,6.53
1992-08-17,6.56
1992-08-18,6.48
1992-08-19,6.47
1992-08-20,6.46
1992-08-21,6.53
1992-08-24,6.68
1992-08-25,6.73
1992-08-26,6.68
1992-08-27,6.64
1992-08-28,6.63
1992-08-31,6.62
1992-09-01,6.56
1992-09-02,6.54
1992-09-03,6.54
1992-09-04,6.40
1992-09-07,
1992-09-08,6.29
1992-09-09,6.31
1992-09-10,6.31
1992-09-11,6.37
1992-09-14,6.32
1992-09-15,6.40
1992-09-16,6.41
1992-09-17,6.40
1992-09-18,6.41
1992-09-21,6.42
1992-09-22,6.50
1992-09-23,6.54
1992-09-24,6.48
1992-09-25,6.41
1992-09-28,6.37
1992-09-29,6.37
1992-09-30,6.37
1992-10-01,6.23
1992-10-02,6.26
1992-10-05,6.24
1992-10-06,6.30
1992-10-07,6.46
1992-10-08,6.41
1992-10-09,6.52
1992-10-12,
1992-10-13,6.51
1992-10-14,6.51
1992-10-15,6.53
1992-10-16,6.60
1992-10-19,6.69
1992-10-20,6.86
1992-10-21,6.80
1992-10-22,6.74
1992-10-23,6.83
1992-10-26,6.83
1992-10-27,6.78
1992-10-28,6.76
1992-10-29,6.71
1992-10-30,6.80
1992-11-02,6.88
1992-11-03,6.87
1992-11-04,6.89
1992-11-05,6.87
1992-11-06,6.97
1992-11-09,7.00
1992-11-10,6.91
1992-11-11,
1992-11-12,6.79
1992-11-13,6.82
1992-11-16,6.90
1992-11-17,6.86
1992-11-18,6.78
1992-11-19,6.81
1992-11-20,6.84
1992-11-23,6.86
1992-11-24,6.82
1992-11-25,6.84
1992-11-26,
1992-11-27,6.93
1992-11-30,6.95
1992-12-01,6.94
1992-12-02,6.93
1992-12-03,6.91
1992-12-04,6.84
1992-12-07,6.78
1992-12-08,6.73
1992-12-09,6.76
1992-12-10,6.77
1992-12-11,6.80
1992-12-14,6.83
1992-12-15,6.83
1992-12-16,6.77
1992-12-17,6.77
1992-12-18,6.76
1992-12-21,6.71
1992-12-22,6.65
1992-12-23,6.68
1992-12-24,6.69
1992-12-25,
1992-12-28,6.72
1992-12-29,6.69
1992-12-30,6.68
1992-12-31,6.70
1993-01-01,
1993-01-04,6.60
1993-01-05,6.61
1993-01-06,6.63
1993-01-07,6.76
1993-01-08,6.75
1993-01-11,6.71
1993-01-12,6.72
1993-01-13,6.71
1993-01-14,6.65
1993-01-15,6.60
1993-01-18,
1993-01-19,6.59
1993-01-20,6.61
1993-01-21,6.60
1993-01-22,6.57
1993-01-25,6.48
1993-01-26,6.50
1993-01-27,6.48
1993-01-28,6.44
1993-01-29,6.39
1993-02-01,6.38
1993-02-02,6.46
1993-02-03,6.45
1993-02-04,6.39
1993-02-05,6.32
1993-02-08,6.37
1993-02-09,6.41
1993-02-10,6.40
1993-02-11,6.37
1993-02-12,6.35
1993-02-15,
1993-02-16,6.34
1993-02-17,6.28
1993-02-18,6.17
1993-02-19,6.15
1993-02-22,6.09
1993-02-23,5.92
1993-02-24,6.01
1993-02-25,6.03
1993-02-26,6.03
1993-03-01,5.94
1993-03-02,5.95
1993-03-03,5.88
1993-03-04,5.83
1993-03-05,5.90
1993-03-08,5.85
1993-03-09,5.91
1993-03-10,5.97
1993-03-11,5.96
1993-03-12,6.11
1993-03-15,6.17
1993-03-16,6.06
1993-03-17,6.02
1993-03-18,5.93
1993-03-19,5.95
1993-03-22,5.96
1993-03-23,5.91
1993-03-24,5.95
1993-03-25,5.98
1993-03-26,6.09
1993-03-29,6.06
1993-03-30,6.02
1993-03-31,6.03
1993-04-01,6.06
1993-04-02,6.16
1993-04-05,6.13
1993-04-06,6.08
1993-04-07,6.07
1993-04-08,5.97
1993-04-09,
1993-04-12,5.92
1993-04-13,5.93
1993-04-14,5.90
1993-04-15,5.88
1993-04-16,5.89
1993-04-19,5.87
1993-04-20,5.87
1993-04-21,5.86
1993-04-22,5.85
1993-04-23,5.89
1993-04-26,5.94
1993-04-27,6.02
1993-04-28,6.03
1993-04-29,5.99
1993-04-30,6.05
1993-05-03,5.96
1993-05-04,5.92
1993-05-05,5.93
1993-05-06,5.89
1993-05-07,5.92
1993-05-10,5.89
1993-05-11,5.89
1993-05-12,5.96
1993-05-13,6.02
1993-05-14,6.03
1993-05-17,6.07
1993-05-18,6.15
1993-05-19,6.11
1993-05-20,6.09
1993-05-21,6.16
1993-05-24,6.16
1993-05-25,6.17
1993-05-26,6.12
1993-05-27,6.11
1993-05-28,6.16
1993-05-31,
1993-06-01,6.07
1993-06-02,6.06
1993-06-03,6.02
1993-06-04,6.11
1993-06-07,6.08
1993-06-08,6.09
1993-06-09,6.07
1993-06-10,6.07
1993-06-11,5.97
1993-06-14,5.97
1993-06-15,5.96
1993-06-16,5.96
1993-06-17,5.93
1993-06-18,5.97
1993-06-21,5.92
1993-06-22,5.91
1993-06-23,5.91
1993-06-24,5.88
1993-06-25,5.84
1993-06-28,5.80
1993-06-29,5.79
1993-06-30,5.80
1993-07-01,5.80
1993-07-02,5.76
1993-07-05,
1993-07-06,5.80
1993-07-07,5.80
1993-07-08,5.78
1993-07-09,5.76
1993-07-12,5.75
1993-07-13,5.78
1993-07-14,5.72
1993-07-15,5.72
1993-07-16,5.71
1993-07-19,5.71
1993-07-20,5.75
1993-07-21,5.83
1993-07-22,5.90
1993-07-23,5.95
1993-07-26,5.93
1993-07-27,5.92
1993-07-28,5.90
1993-07-29,5.81
1993-07-30,5.83
1993-08-02,5.85
1993-08-03,5.83
1993-08-04,5.87
1993-08-05,5.86
1993-08-06,5.86
1993-08-09,5.82
1993-08-10,5.82
1993-08-11,5.75
1993-08-12,5.77
1993-08-13,5.72
1993-08-16,5.68
1993-08-17,5.70
1993-08-18,5.69
1993-08-19,5.64
1993-08-20,5.61
1993-08-23,5.60
1993-08-24,5.54
1993-08-25,5.51
1993-08-26,5.42
1993-08-27,5.48
1993-08-30,5.44
1993-08-31,5.45
1993-09-01,5.46
1993-09-02,5.41
1993-09-03,5.31
1993-09-06,
1993-09-07,5.23
1993-09-08,5.23
1993-09-09,5.35
1993-09-10,5.29
1993-09-13,5.26
1993-09-14,5.37
1993-09-15,5.39
1993-09-16,5.37
1993-09-17,5.38
1993-09-20,5.42
1993-09-21,5.47
1993-09-22,5.45
1993-09-23,5.42
1993-09-24,5.42
1993-09-27,5.30
1993-09-28,5.28
1993-09-29,5.35
1993-09-30,5.40
1993-10-01,5.34
1993-10-04,5.34
1993-10-05,5.35
1993-10-06,5.35
1993-10-07,5.33
1993-10-08,5.26
1993-10-11,
1993-10-12,5.27
1993-10-13,5.27
1993-10-14,5.23
1993-10-15,5.19
1993-10-18,5.27
1993-10-19,5.27
1993-10-20,5.26
1993-10-21,5.35
1993-10-22,5.42
1993-10-25,5.47
1993-10-26,5.43
1993-10-27,5.44
1993-10-28,5.41
1993-10-29,5.43
1993-11-01,5.56
1993-11-02,5.63
1993-11-03,5.67
1993-11-04,5.67
1993-11-05,5.75
1993-11-08,5.70
1993-11-09,5.64
1993-11-10,5.72
1993-11-11,
1993-11-12,5.66
1993-11-15,5.69
1993-11-16,5.66
1993-11-17,5.65
1993-11-18,5.72
1993-11-19,5.84
1993-11-22,5.89
1993-11-23,5.82
1993-11-24,5.84
1993-11-25,
1993-11-26,5.78
1993-11-29,5.76
1993-11-30,5.83
1993-12-01,5.82
1993-12-02,5.81
1993-12-03,5.80
1993-12-06,5.72
1993-12-07,5.71
1993-12-08,5.71
1993-12-09,5.68
1993-12-10,5.73
1993-12-13,5.78
1993-12-14,5.82
1993-12-15,5.83
1993-12-16,5.84
1993-12-17,5.81
1993-12-20,5.83
1993-12-21,5.85
1993-12-22,5.74
1993-12-23,5.72
1993-12-24,
1993-12-27,5.72
1993-12-28,5.72
1993-12-29,5.74
1993-12-30,5.82
1993-12-31,5.83
1994-01-03,5.92
1994-01-04,5.88
1994-01-05,5.90
1994-01-06,5.84
1994-01-07,5.70
1994-01-10,5.67
1994-01-11,5.67
1994-01-12,5.60
1994-01-13,5.71
1994-01-14,5.78
1994-01-17,
1994-01-18,5.74
1994-01-19,5.76
1994-01-20,5.71
1994-01-21,5.73
1994-01-24,5.74
1994-01-25,5.78
1994-01-26,5.77
1994-01-27,5.73
1994-01-28,5.68
1994-01-31,5.70
1994-02-01,5.77
1994-02-02,5.77
1994-02-03,5.81
1994-02-04,5.94
1994-02-07,5.96
1994-02-08,6.01
1994-02-09,5.92
1994-02-10,5.91
1994-02-11,5.88
1994-02-14,5.90
1994-02-15,5.88
1994-02-16,5.89
1994-02-17,6.00
1994-02-18,6.09
1994-02-21,
1994-02-22,6.05
1994-02-23,6.13
1994-02-24,6.22
1994-02-25,6.21
1994-02-28,6.15
1994-03-01,6.28
1994-03-02,6.30
1994-03-03,6.35
1994-03-04,6.38
1994-03-07,6.32
1994-03-08,6.38
1994-03-09,6.38
1994-03-10,6.48
1994-03-11,6.46
1994-03-14,6.50
1994-03-15,6.47
1994-03-16,6.40
1994-03-17,6.40
1994-03-18,6.49
1994-03-21,6.55
1994-03-22,6.44
1994-03-23,6.44
1994-03-24,6.58
1994-03-25,6.61
1994-03-28,6.63
1994-03-29,6.71
1994-03-30,6.78
1994-03-31,6.77
1994-04-01,
1994-04-04,7.16
1994-04-05,6.97
1994-04-06,6.93
1994-04-07,6.86
1994-04-08,6.94
1994-04-11,6.92
1994-04-12,6.87
1994-04-13,6.93
1994-04-14,6.97
1994-04-15,6.97
1994-04-18,7.14
1994-04-19,7.10
1994-04-20,7.05
1994-04-21,6.91
1994-04-22,6.93
1994-04-25,6.86
1994-04-26,6.86
1994-04-27,
1994-04-28,7.04
1994-04-29,7.06
1994-05-02,7.09
1994-05-03,7.13
1994-05-04,7.14
1994-05-05,7.11
1994-05-06,7.35
1994-05-09,7.49
1994-05-10,7.33
1994-05-11,7.40
1994-05-12,7.36
1994-05-13,7.29
1994-05-16,7.24
1994-05-17,7.03
1994-05-18,7.03
1994-05-19,6.96
1994-05-20,7.02
1994-05-23,7.19
1994-05-24,7.17
1994-05-25,7.14
1994-05-26,7.09
1994-05-27,7.12
1994-05-30,
1994-05-31,7.17
1994-06-01,7.12
1994-06-02,7.07
1994-06-03,6.98
1994-06-06,6.91
1994-06-07,6.95
1994-06-08,6.96
1994-06-09,6.98
1994-06-10,7.03
1994-06-13,7.07
1994-06-14,7.00
1994-06-15,7.10
1994-06-16,7.07
1994-06-17,7.14
1994-06-20,7.16
1994-06-21,7.22
1994-06-22,7.13
1994-06-23,7.10
1994-06-24,7.22
1994-06-27,7.18
1994-06-28,7.26
1994-06-29,7.24
1994-06-30,7.34
1994-07-01,7.34
1994-07-04,
1994-07-05,7.31
1994-07-06,7.32
1994-07-07,7.30
1994-07-08,7.42
1994-07-11,7.47
1994-07-12,7.43
1994-07-13,7.41
1994-07-14,7.25
1994-07-15,7.25
1994-07-18,7.20
1994-07-19,7.15
1994-07-20,7.25
1994-07-21,7.27
1994-07-22,7.29
1994-07-25,7.27
1994-07-26,7.28
1994-07-27,7.34
1994-07-28,7.29
1994-07-29,7.12
1994-08-01,7.13
1994-08-02,7.11
1994-08-03,7.09
1994-08-04,7.12
1994-08-05,7.28
1994-08-08,7.28
1994-08-09,7.33
1994-08-10,7.30
1994-08-11,7.36
1994-08-12,7.27
1994-08-15,7.30
1994-08-16,7.19
1994-08-17,7.15
1994-08-18,7.28
1994-08-19,7.27
1994-08-22,7.31
1994-08-23,7.28
1994-08-24,7.22
1994-08-25,7.29
1994-08-26,7.24
1994-08-29,7.24
1994-08-30,7.20
1994-08-31,7.19
1994-09-01,7.19
1994-09-02,7.21
1994-09-05,
1994-09-06,7.27
1994-09-07,7.29
1994-09-08,7.30
1994-09-09,7.44
1994-09-12,7.46
1994-09-13,7.44
1994-09-14,7.41
1994-09-15,7.35
1994-09-16,7.52
1994-09-19,7.49
1994-09-20,7.53
1994-09-21,7.56
1994-09-22,7.56
1994-09-23,7.57
1994-09-26,7.57
1994-09-27,7.61
1994-09-28,7.57
1994-09-29,7.64
1994-09-30,7.62
1994-10-03,7.66
1994-10-04,7.70
1994-10-05,7.77
1994-10-06,7.78
1994-10-07,7.70
1994-10-10,
1994-10-11,7.65
1994-10-12,7.69
1994-10-13,7.64
1994-10-14,7.61
1994-10-17,7.62
1994-10-18,7.64
1994-10-19,7.68
1994-10-20,7.80
1994-10-21,7.81
1994-10-24,7.86
1994-10-25,7.88
1994-10-26,7.88
1994-10-27,7.88
1994-10-28,7.82
1994-10-31,7.81
1994-11-01,7.91
1994-11-02,7.96
1994-11-03,7.96
1994-11-04,8.04
1994-11-07,8.05
1994-11-08,8.01
1994-11-09,7.94
1994-11-10,7.98
1994-11-11,
1994-11-14,7.94
1994-11-15,7.92
1994-11-16,7.97
1994-11-17,8.03
1994-11-18,8.01
1994-11-21,8.03
1994-11-22,8.00
1994-11-23,7.81
1994-11-24,
1994-11-25,7.80
1994-11-28,7.88
1994-11-29,7.95
1994-11-30,7.91
1994-12-01,7.92
1994-12-02,7.81
1994-12-05,7.83
1994-12-06,7.73
1994-12-07,7.81
1994-12-08,7.79
1994-12-09,7.79
1994-12-12,7.85
1994-12-13,7.83
1994-12-14,7.80
1994-12-15,7.79
1994-12-16,7.81
1994-12-19,7.81
1994-12-20,7.81
1994-12-21,7.80
1994-12-22,7.84
1994-12-23,7.85
1994-12-26,
1994-12-27,7.76
1994-12-28,7.80
1994-12-29,7.82
1994-12-30,7.84
1995-01-02,
1995-01-03,7.88
1995-01-04,7.82
1995-01-05,7.88
1995-01-06,7.87
1995-01-09,7.89
1995-01-10,7.84
1995-01-11,7.79
1995-01-12,7.80
1995-01-13,7.69
1995-01-16,
1995-01-17,7.70
1995-01-18,7.71
1995-01-19,7.74
1995-01-20,7.82
1995-01-23,7.83
1995-01-24,7.86
1995-01-25,7.80
1995-01-26,7.76
1995-01-27,7.66
1995-01-30,7.65
1995-01-31,7.60
1995-02-01,7.66
1995-02-02,7.68
1995-02-03,7.49
1995-02-06,7.53
1995-02-07,7.52
1995-02-08,7.53
1995-02-09,7.58
1995-02-10,7.62
1995-02-13,7.61
1995-02-14,7.51
1995-02-15,7.45
1995-02-16,7.40
1995-02-17,7.43
1995-02-20,
1995-02-21,7.44
1995-02-22,7.34
1995-02-23,7.34
1995-02-24,7.33
1995-02-27,7.24
1995-02-28,7.22
1995-03-01,7.23
1995-03-02,7.30
1995-03-03,7.36
1995-03-06,7.41
1995-03-07,7.44
1995-03-08,7.36
1995-03-09,7.30
1995-03-10,7.23
1995-03-13,7.19
1995-03-14,7.09
1995-03-15,7.09
1995-03-16,7.05
1995-03-17,7.12
1995-03-20,7.12
1995-03-21,7.16
1995-03-22,7.21
1995-03-23,7.21
1995-03-24,7.09
1995-03-27,7.05
1995-03-28,7.16
1995-03-29,7.16
1995-03-30,7.18
1995-03-31,7.20
1995-04-03,7.14
1995-04-04,7.12
1995-04-05,7.12
1995-04-06,7.09
1995-04-07,7.11
1995-04-10,7.12
1995-04-11,7.09
1995-04-12,7.06
1995-04-13,7.03
1995-04-14,
1995-04-17,7.04
1995-04-18,7.04
1995-04-19,7.06
1995-04-20,7.02
1995-04-21,7.01
1995-04-24,7.01
1995-04-25,7.01
1995-04-26,7.01
1995-04-27,7.04
1995-04-28,7.07
1995-05-01,7.09
1995-05-02,7.04
1995-05-03,6.96
1995-05-04,6.85
1995-05-05,6.69
1995-05-08,6.70
1995-05-09,6.61
1995-05-10,6.66
1995-05-11,6.68
1995-05-12,6.67
1995-05-15,6.62
1995-05-16,6.57
1995-05-17,6.53
1995-05-18,6.61
1995-05-19,6.61
1995-05-22,6.63
1995-05-23,6.57
1995-05-24,6.44
1995-05-25,6.39
1995-05-26,6.40
1995-05-29,
1995-05-30,6.30
1995-05-31,6.30
1995-06-01,6.20
1995-06-02,6.10
1995-06-05,6.08
1995-06-06,6.08
1995-06-07,6.20
1995-06-08,6.22
1995-06-09,6.40
1995-06-12,6.37
1995-06-13,6.14
1995-06-14,6.15
1995-06-15,6.18
1995-06-16,6.21
1995-06-19,6.13
1995-06-20,6.16
1995-06-21,6.13
1995-06-22,6.04
1995-06-23,6.06
1995-06-26,6.11
1995-06-27,6.15
1995-06-28,6.10
1995-06-29,6.28
1995-06-30,6.21
1995-07-03,6.21
1995-07-04,
1995-07-05,6.19
1995-07-06,6.05
1995-07-07,6.04
1995-07-10,6.04
1995-07-11,6.09
1995-07-12,6.10
1995-07-13,6.09
1995-07-14,6.15
1995-07-17,6.22
1995-07-18,6.25
1995-07-19,6.43
1995-07-20,6.43
1995-07-21,6.53
1995-07-24,6.46
1995-07-25,6.43
1995-07-26,6.48
1995-07-27,6.43
1995-07-28,6.49
1995-07-31,6.45
1995-08-01,6.50
1995-08-02,6.44
1995-08-03,6.53
1995-08-04,6.50
1995-08-07,6.48
1995-08-08,6.47
1995-08-09,6.47
1995-08-10,6.51
1995-08-11,6.59
1995-08-14,6.59
1995-08-15,6.57
1995-08-16,6.54
1995-08-17,6.57
1995-08-18,6.57
1995-08-21,6.54
1995-08-22,6.57
1995-08-23,6.60
1995-08-24,6.50
1995-08-25,6.38
1995-08-28,6.34
1995-08-29,6.36
1995-08-30,6.33
1995-08-31,6.28
1995-09-01,6.22
1995-09-04,
1995-09-05,6.18
1995-09-06,6.17
1995-09-07,6.21
1995-09-08,6.24
1995-09-11,6.24
1995-09-12,6.16
1995-09-13,6.18
1995-09-14,6.08
1995-09-15,6.11
1995-09-18,6.17
1995-09-19,6.14
1995-09-20,6.10
1995-09-21,6.21
1995-09-22,6.25
1995-09-25,6.26
1995-09-26,6.28
1995-09-27,6.30
1995-09-28,6.28
1995-09-29,6.17
1995-10-02,6.15
1995-10-03,6.13
1995-10-04,6.12
1995-10-05,6.06
1995-10-06,6.06
1995-10-09,
1995-10-10,6.07
1995-10-11,6.09
1995-10-12,6.07
1995-10-13,5.97
1995-10-16,5.97
1995-10-17,5.97
1995-10-18,5.99
1995-10-19,5.98
1995-10-20,6.04
1995-10-23,6.07
1995-10-24,6.02
1995-10-25,6.00
1995-10-26,6.06
1995-10-27,6.05
1995-10-30,6.04
1995-10-31,6.03
1995-11-01,5.98
1995-11-02,5.92
1995-11-03,5.94
1995-11-06,5.96
1995-11-07,5.99
1995-11-08,5.92
1995-11-09,5.97
1995-11-10,6.00
1995-11-13,5.98
1995-11-14,5.97
1995-11-15,6.00
1995-11-16,5.93
1995-11-17,5.92
1995-11-20,5.93
1995-11-21,5.92
1995-11-22,5.93
1995-11-23,
1995-11-24,5.91
1995-11-27,5.88
1995-11-28,5.88
1995-11-29,5.85
1995-11-30,5.76
1995-12-01,5.71
1995-12-04,5.63
1995-12-05,5.65
1995-12-06,5.67
1995-12-07,5.72
1995-12-08,5.73
1995-12-11,5.71
1995-12-12,5.72
1995-12-13,5.74
1995-12-14,5.74
1995-12-15,5.75
1995-12-18,5.85
1995-12-19,5.81
1995-12-20,5.76
1995-12-21,5.77
1995-12-22,5.71
1995-12-25,
1995-12-26,5.69
1995-12-27,5.66
1995-12-28,5.63
1995-12-29,5.58
1996-01-01,
1996-01-02,5.60
1996-01-03,5.58
1996-01-04,5.65
1996-01-05,5.69
1996-01-08,5.68
1996-01-09,5.70
1996-01-10,5.80
1996-01-11,5.78
1996-01-12,5.75
1996-01-15,
1996-01-16,5.66
1996-01-17,5.58
1996-01-18,5.53
1996-01-19,5.54
1996-01-22,5.61
1996-01-23,5.66
1996-01-24,5.62
1996-01-25,5.70
1996-01-26,5.65
1996-01-29,5.69
1996-01-30,5.63
1996-01-31,5.60
1996-02-01,5.63
1996-02-02,5.66
1996-02-05,5.70
1996-02-06,5.68
1996-02-07,5.66
1996-02-08,5.66
1996-02-09,5.66
1996-02-12,5.61
1996-02-13,5.58
1996-02-14,5.62
1996-02-15,5.70
1996-02-16,5.76
1996-02-19,
1996-02-20,6.01
1996-02-21,5.98
1996-02-22,5.92
1996-02-23,5.97
1996-02-26,6.01
1996-02-27,6.06
1996-02-28,6.11
1996-02-29,6.13
1996-03-01,5.99
1996-03-04,5.92
1996-03-05,5.96
1996-03-06,6.05
1996-03-07,6.07
1996-03-08,6.41
1996-03-11,6.33
1996-03-12,6.36
1996-03-13,6.35
1996-03-14,6.36
1996-03-15,6.46
1996-03-18,6.43
1996-03-19,6.41
1996-03-20,6.34
1996-03-21,6.28
1996-03-22,6.32
1996-03-25,6.26
1996-03-26,6.25
1996-03-27,6.34
1996-03-28,6.41
1996-03-29,6.34
1996-04-01,6.31
1996-04-02,6.25
1996-04-03,6.27
1996-04-04,6.33
1996-04-05,6.57
1996-04-08,6.63
1996-04-09,6.56
1996-04-10,6.63
1996-04-11,6.68
1996-04-12,6.52
1996-04-15,6.47
1996-04-16,6.48
1996-04-17,6.52
1996-04-18,6.58
1996-04-19,6.53
1996-04-22,6.48
1996-04-23,6.52
1996-04-24,6.57
1996-04-25,6.56
1996-04-26,6.54
1996-04-29,6.59
1996-04-30,6.66
1996-05-01,6.68
1996-05-02,6.85
1996-05-03,6.90
1996-05-06,6.86
1996-05-07,6.87
1996-05-08,6.78
1996-05-09,6.84
1996-05-10,6.75
1996-05-13,6.72
1996-05-14,6.66
1996-05-15,6.65
1996-05-16,6.70
1996-05-17,6.65
1996-05-20,6.62
1996-05-21,6.65
1996-05-22,6.63
1996-05-23,6.68
1996-05-24,6.65
1996-05-27,
1996-05-28,6.67
1996-05-29,6.77
1996-05-30,6.78
1996-05-31,6.85
1996-06-03,6.87
1996-06-04,6.86
1996-06-05,6.82
1996-06-06,6.76
1996-06-07,6.93
1996-06-10,6.97
1996-06-11,6.99
1996-06-12,7.03
1996-06-13,7.01
1996-06-14,6.95
1996-06-17,6.90
1996-06-18,6.93
1996-06-19,6.96
1996-06-20,6.98
1996-06-21,6.96
1996-06-24,6.94
1996-06-25,6.91
1996-06-26,6.91
1996-06-27,6.83
1996-06-28,6.73
1996-07-01,6.74
1996-07-02,6.80
1996-07-03,6.78
1996-07-04,
1996-07-05,7.06
1996-07-08,7.05
1996-07-09,7.00
1996-07-10,6.95
1996-07-11,6.90
1996-07-12,6.85
1996-07-15,6.89
1996-07-16,6.84
1996-07-17,6.83
1996-07-18,6.72
1996-07-19,6.78
1996-07-22,6.84
1996-07-23,6.80
1996-07-24,6.87
1996-07-25,6.87
1996-07-26,6.85
1996-07-29,6.93
1996-07-30,6.89
1996-07-31,6.80
1996-08-01,6.65
1996-08-02,6.51
1996-08-05,6.53
1996-08-06,6.54
1996-08-07,6.55
1996-08-08,6.56
1996-08-09,6.50
1996-08-12,6.49
1996-08-13,6.57
1996-08-14,6.58
1996-08-15,6.62
1996-08-16,6.56
1996-08-19,6.59
1996-08-20,6.59
1996-08-21,6.61
1996-08-22,6.62
1996-08-23,6.72
1996-08-26,6.80
1996-08-27,6.78
1996-08-28,6.79
1996-08-29,6.86
1996-08-30,6.96
1996-09-02,
1996-09-03,6.92
1996-09-04,6.94
1996-09-05,6.98
1996-09-06,6.94
1996-09-09,6.90
1996-09-10,6.94
1996-09-11,6.94
1996-09-12,6.88
1996-09-13,6.74
1996-09-16,6.73
1996-09-17,6.81
1996-09-18,6.83
1996-09-19,6.87
1996-09-20,6.85
1996-09-23,6.83
1996-09-24,6.77
1996-09-25,6.71
1996-09-26,6.66
1996-09-27,6.68
1996-09-30,6.72
1996-10-01,6.65
1996-10-02,6.61
1996-10-03,6.61
1996-10-04,6.48
1996-10-07,6.53
1996-10-08,6.53
1996-10-09,6.55
1996-10-10,6.61
1996-10-11,6.55
1996-10-14,
1996-10-15,6.56
1996-10-16,6.57
1996-10-17,6.51
1996-10-18,6.50
1996-10-21,6.52
1996-10-22,6.56
1996-10-23,6.56
1996-10-24,6.57
1996-10-25,6.54
1996-10-28,6.56
1996-10-29,6.40
1996-10-30,6.40
1996-10-31,6.37
1996-11-01,6.38
1996-11-04,6.36
1996-11-05,6.28
1996-11-06,6.30
1996-11-07,6.26
1996-11-08,6.29
1996-11-11,
1996-11-12,6.19
1996-11-13,6.20
1996-11-14,6.15
1996-11-15,6.19
1996-11-18,6.20
1996-11-19,6.17
1996-11-20,6.14
1996-11-21,6.15
1996-11-22,6.15
1996-11-25,6.13
1996-11-26,6.13
1996-11-27,6.14
1996-11-28,
1996-11-29,6.06
1996-12-02,6.08
1996-12-03,6.06
1996-12-04,6.11
1996-12-05,6.22
1996-12-06,6.26
1996-12-09,6.21
1996-12-10,6.23
1996-12-11,6.38
1996-12-12,6.40
1996-12-13,6.33
1996-12-16,6.39
1996-12-17,6.42
1996-12-18,6.46
1996-12-19,6.36
1996-12-20,6.35
1996-12-23,6.34
1996-12-24,6.36
1996-12-25,
1996-12-26,6.35
1996-12-27,6.30
1996-12-30,6.31
1996-12-31,6.43
1997-01-01,
1997-01-02,6.54
1997-01-03,6.52
1997-01-06,6.54
1997-01-07,6.57
1997-01-08,6.60
1997-01-09,6.52
1997-01-10,6.63
1997-01-13,6.63
1997-01-14,6.53
1997-01-15,6.53
1997-01-16,6.57
1997-01-17,6.56
1997-01-20,
1997-01-21,6.52
1997-01-22,6.56
1997-01-23,6.60
1997-01-24,6.64
1997-01-27,6.69
1997-01-28,6.64
1997-01-29,6.63
1997-01-30,6.61
1997-01-31,6.53
1997-02-03,6.47
1997-02-04,6.45
1997-02-05,6.47
1997-02-06,6.49
1997-02-07,6.43
1997-02-10,6.43
1997-02-11,6.43
1997-02-12,6.39
1997-02-13,6.32
1997-02-14,6.28
1997-02-17,
1997-02-18,6.28
1997-02-19,6.30
1997-02-20,6.38
1997-02-21,6.36
1997-02-24,6.39
1997-02-25,6.40
1997-02-26,6.56
1997-02-27,6.58
1997-02-28,6.56
1997-03-03,6.58
1997-03-04,6.60
1997-03-05,6.60
1997-03-06,6.62
1997-03-07,6.57
1997-03-10,6.56
1997-03-11,6.57
1997-03-12,6.60
1997-03-13,6.72
1997-03-14,6.71
1997-03-17,6.72
1997-03-18,6.72
1997-03-19,6.74
1997-03-20,6.75
1997-03-21,6.74
1997-03-24,6.72
1997-03-25,6.75
1997-03-26,6.80
1997-03-27,6.90
1997-03-28,
1997-03-31,6.92
1997-04-01,6.90
1997-04-02,6.88
1997-04-03,6.86
1997-04-04,6.92
1997-04-07,6.87
1997-04-08,6.91
1997-04-09,6.91
1997-04-10,6.91
1997-04-11,6.98
1997-04-14,6.98
1997-04-15,6.88
1997-04-16,6.90
1997-04-17,6.86
1997-04-18,6.84
1997-04-21,6.87
1997-04-22,6.84
1997-04-23,6.89
1997-04-24,6.93
1997-04-25,6.94
1997-04-28,6.92
1997-04-29,6.77
1997-04-30,6.72
1997-05-01,6.69
1997-05-02,6.68
1997-05-05,6.67
1997-05-06,6.67
1997-05-07,6.76
1997-05-08,6.72
1997-05-09,6.67
1997-05-12,6.65
1997-05-13,6.71
1997-05-14,6.68
1997-05-15,6.67
1997-05-16,6.70
1997-05-19,6.71
1997-05-20,6.70
1997-05-21,6.74
1997-05-22,6.76
1997-05-23,6.74
1997-05-26,
1997-05-27,6.79
1997-05-28,6.80
1997-05-29,6.75
1997-05-30,6.67
1997-06-02,6.66
1997-06-03,6.63
1997-06-04,6.62
1997-06-05,6.62
1997-06-06,6.51
1997-06-09,6.55
1997-06-10,6.57
1997-06-11,6.56
1997-06-12,6.48
1997-06-13,6.43
1997-06-16,6.40
1997-06-17,6.43
1997-06-18,6.40
1997-06-19,6.40
1997-06-20,6.37
1997-06-23,6.40
1997-06-24,6.42
1997-06-25,6.45
1997-06-26,6.50
1997-06-27,6.46
1997-06-30,6.51
1997-07-01,6.45
1997-07-02,6.42
1997-07-03,6.31
1997-07-04,
1997-07-07,6.27
1997-07-08,6.27
1997-07-09,6.25
1997-07-10,6.26
1997-07-11,6.23
1997-07-14,6.26
1997-07-15,6.26
1997-07-16,6.20
1997-07-17,6.19
1997-07-18,6.24
1997-07-21,6.27
1997-07-22,6.15
1997-07-23,6.14
1997-07-24,6.16
1997-07-25,6.18
1997-07-28,6.16
1997-07-29,6.11
1997-07-30,6.05
1997-07-31,6.02
1997-08-01,6.20
1997-08-04,6.23
1997-08-05,6.23
1997-08-06,6.21
1997-08-07,6.24
1997-08-08,6.38
1997-08-11,6.36
1997-08-12,6.39
1997-08-13,6.36
1997-08-14,6.27
1997-08-15,6.27
1997-08-18,6.21
1997-08-19,6.21
1997-08-20,6.24
1997-08-21,6.30
1997-08-22,6.38
1997-08-25,6.39
1997-08-26,6.38
1997-08-27,6.38
1997-08-28,6.30
1997-08-29,6.34
1997-09-01,
1997-09-02,6.31
1997-09-03,6.33
1997-09-04,6.33
1997-09-05,6.37
1997-09-08,6.33
1997-09-09,6.34
1997-09-10,6.37
1997-09-11,6.39
1997-09-12,6.29
1997-09-15,6.28
1997-09-16,6.11
1997-09-17,6.10
1997-09-18,6.11
1997-09-19,6.09
1997-09-22,6.06
1997-09-23,6.10
1997-09-24,6.04
1997-09-25,6.13
1997-09-26,6.08
1997-09-29,6.10
1997-09-30,6.12
1997-10-01,6.04
1997-10-02,6.01
1997-10-03,6.01
1997-10-06,5.96
1997-10-07,5.94
1997-10-08,6.08
1997-10-09,6.09
1997-10-10,6.15
1997-10-13,
1997-10-14,6.07
1997-10-15,6.10
1997-10-16,6.09
1997-10-17,6.17
1997-10-20,6.15
1997-10-21,6.14
1997-10-22,6.12
1997-10-23,6.04
1997-10-24,6.01
1997-10-27,5.91
1997-10-28,5.98
1997-10-29,5.91
1997-10-30,5.84
1997-10-31,5.84
1997-11-03,5.91
1997-11-04,5.95
1997-11-05,5.95
1997-11-06,5.90
1997-11-07,5.90
1997-11-10,5.91
1997-11-11,
1997-11-12,5.89
1997-11-13,5.87
1997-11-14,5.86
1997-11-17,5.85
1997-11-18,5.85
1997-11-19,5.82
1997-11-20,5.84
1997-11-21,5.82
1997-11-24,5.86
1997-11-25,5.85
1997-11-26,5.86
1997-11-27,
1997-11-28,5.86
1997-12-01,5.86
1997-12-02,5.86
1997-12-03,5.83
1997-12-04,5.84
1997-12-05,5.92
1997-12-08,5.96
1997-12-09,5.95
1997-12-10,5.90
1997-12-11,5.82
1997-12-12,5.74
1997-12-15,5.78
1997-12-16,5.77
1997-12-17,5.81
1997-12-18,5.76
1997-12-19,5.72
1997-12-22,5.72
1997-12-23,5.73
1997-12-24,5.76
1997-12-25,
1997-12-26,5.75
1997-12-29,5.76
1997-12-30,5.80
1997-12-31,5.75
1998-01-01,
1998-01-02,5.67
1998-01-05,5.52
1998-01-06,5.49
1998-01-07,5.55
1998-01-08,5.49
1998-01-09,5.40
1998-01-12,5.39
1998-01-13,5.41
1998-01-14,5.45
1998-01-15,5.48
1998-01-16,5.54
1998-01-19,
1998-01-20,5.57
1998-01-21,5.54
1998-01-22,5.56
1998-01-23,5.70
1998-01-26,5.63
1998-01-27,5.70
1998-01-28,5.69
1998-01-29,5.58
1998-01-30,5.53
1998-02-02,5.57
1998-02-03,5.56
1998-02-04,5.57
1998-02-05,5.62
1998-02-06,5.62
1998-02-09,5.65
1998-02-10,5.64
1998-02-11,5.53
1998-02-12,5.52
1998-02-13,5.49
1998-02-16,
1998-02-17,5.44
1998-02-18,5.49
1998-02-19,5.51
1998-02-20,5.54
1998-02-23,5.58
1998-02-24,5.69
1998-02-25,5.63
1998-02-26,5.65
1998-02-27,5.62
1998-03-02,5.72
1998-03-03,5.77
1998-03-04,5.76
1998-03-05,5.78
1998-03-06,5.73
1998-03-09,5.67
1998-03-10,5.67
1998-03-11,5.63
1998-03-12,5.56
1998-03-13,5.58
1998-03-16,5.54
1998-03-17,5.56
1998-03-18,5.58
1998-03-19,5.58
1998-03-20,5.57
1998-03-23,5.57
1998-03-24,5.58
1998-03-25,5.64
1998-03-26,5.68
1998-03-27,5.68
1998-03-30,5.72
1998-03-31,5.67
1998-04-01,5.62
1998-04-02,5.56
1998-04-03,5.47
1998-04-06,5.51
1998-04-07,5.53
1998-04-08,5.58
1998-04-09,5.59
1998-04-10,
1998-04-13,5.66
1998-04-14,5.63
1998-04-15,5.60
1998-04-16,5.59
1998-04-17,5.59
1998-04-20,5.65
1998-04-21,5.68
1998-04-22,5.68
1998-04-23,5.69
1998-04-24,5.67
1998-04-27,5.80
1998-04-28,5.80
1998-04-29,5.81
1998-04-30,5.68
1998-05-01,5.67
1998-05-04,5.67
1998-05-05,5.70
1998-05-06,5.67
1998-05-07,5.67
1998-05-08,5.71
1998-05-11,5.79
1998-05-12,5.70
1998-05-13,5.64
1998-05-14,5.67
1998-05-15,5.68
1998-05-18,5.64
1998-05-19,5.65
1998-05-20,5.61
1998-05-21,5.65
1998-05-22,5.64
1998-05-25,
1998-05-26,5.59
1998-05-27,5.56
1998-05-28,5.58
1998-05-29,5.56
1998-06-01,5.53
1998-06-02,5.56
1998-06-03,5.57
1998-06-04,5.59
1998-06-05,5.58
1998-06-08,5.58
1998-06-09,5.59
1998-06-10,5.51
1998-06-11,5.44
1998-06-12,5.43
1998-06-15,5.38
1998-06-16,5.45
1998-06-17,5.54
1998-06-18,5.50
1998-06-19,5.47
1998-06-22,5.46
1998-06-23,5.45
1998-06-24,5.46
1998-06-25,5.46
1998-06-26,5.46
1998-06-29,5.47
1998-06-30,5.44
1998-07-01,5.44
1998-07-02,5.42
1998-07-03,
1998-07-06,5.39
1998-07-07,5.42
1998-07-08,5.43
1998-07-09,5.41
1998-07-10,5.42
1998-07-13,5.46
1998-07-14,5.49
1998-07-15,5.48
1998-07-16,5.50
1998-07-17,5.51
1998-07-20,5.48
1998-07-21,5.45
1998-07-22,5.46
1998-07-23,5.45
1998-07-24,5.45
1998-07-27,5.47
1998-07-28,5.50
1998-07-29,5.52
1998-07-30,5.50
1998-07-31,5.50
1998-08-03,5.46
1998-08-04,5.43
1998-08-05,5.43
1998-08-06,5.44
1998-08-07,5.40
1998-08-10,5.41
1998-08-11,5.37
1998-08-12,5.40
1998-08-13,5.44
1998-08-14,5.40
1998-08-17,5.40
1998-08-18,5.41
1998-08-19,5.42
1998-08-20,5.38
1998-08-21,5.32
1998-08-24,5.30
1998-08-25,5.25
1998-08-26,5.26
1998-08-27,5.12
1998-08-28,5.09
1998-08-31,5.05
1998-09-01,5.05
1998-09-02,5.10
1998-09-03,5.03
1998-09-04,5.02
1998-09-07,
1998-09-08,5.04
1998-09-09,4.95
1998-09-10,4.76
1998-09-11,4.85
1998-09-14,4.87
1998-09-15,4.90
1998-09-16,4.88
1998-09-17,4.80
1998-09-18,4.70
1998-09-21,4.69
1998-09-22,4.73
1998-09-23,4.69
1998-09-24,4.64
1998-09-25,4.60
1998-09-28,4.61
1998-09-29,4.59
1998-09-30,4.44
1998-10-01,4.33
1998-10-02,4.31
1998-10-05,4.16
1998-10-06,4.24
1998-10-07,4.34
1998-10-08,4.56
1998-10-09,4.77
1998-10-12,
1998-10-13,4.73
1998-10-14,4.58
1998-10-15,4.58
1998-10-16,4.44
1998-10-19,4.47
1998-10-20,4.57
1998-10-21,4.59
1998-10-22,4.62
1998-10-23,4.70
1998-10-26,4.73
1998-10-27,4.63
1998-10-28,4.60
1998-10-29,4.54
1998-10-30,4.64
1998-11-02,4.77
1998-11-03,4.78
1998-11-04,4.83
1998-11-05,4.82
1998-11-06,4.93
1998-11-09,4.88
1998-11-10,4.81
1998-11-11,
1998-11-12,4.77
1998-11-13,4.82
1998-11-16,4.85
1998-11-17,4.87
1998-11-18,4.85
1998-11-19,4.85
1998-11-20,4.82
1998-11-23,4.84
1998-11-24,4.85
1998-11-25,4.83
1998-11-26,
1998-11-27,4.81
1998-11-30,4.74
1998-12-01,4.67
1998-12-02,4.59
1998-12-03,4.58
1998-12-04,4.62
1998-12-07,4.69
1998-12-08,4.60
1998-12-09,4.56
1998-12-10,4.53
1998-12-11,4.61
1998-12-14,4.58
1998-12-15,4.62
1998-12-16,4.58
1998-12-17,4.58
1998-12-18,4.58
1998-12-21,4.64
1998-12-22,4.70
1998-12-23,4.81
1998-12-24,4.86
1998-12-25,
1998-12-28,4.78
1998-12-29,4.71
1998-12-30,4.65
1998-12-31,4.65
1999-01-01,
1999-01-04,4.69
1999-01-05,4.74
1999-01-06,4.73
1999-01-07,4.77
1999-01-08,4.86
1999-01-11,4.90
1999-01-12,4.82
1999-01-13,4.74
1999-01-14,4.63
1999-01-15,4.66
1999-01-18,
1999-01-19,4.71
1999-01-20,4.76
1999-01-21,4.70
1999-01-22,4.64
1999-01-25,4.67
1999-01-26,4.69
1999-01-27,4.68
1999-01-28,4.67
1999-01-29,4.66
1999-02-01,4.75
1999-02-02,4.79
1999-02-03,4.83
1999-02-04,4.89
1999-02-05,4.94
1999-02-08,4.94
1999-02-09,4.91
1999-02-10,4.90
1999-02-11,4.93
1999-02-12,5.06
1999-02-15,
1999-02-16,5.03
1999-02-17,4.98
1999-02-18,5.04
1999-02-19,5.07
1999-02-22,5.03
1999-02-23,5.10
1999-02-24,5.18
1999-02-25,5.32
1999-02-26,5.29
1999-03-01,5.40
1999-03-02,5.35
1999-03-03,5.39
1999-03-04,5.41
1999-03-05,5.34
1999-03-08,5.29
1999-03-09,5.18
1999-03-10,5.20
1999-03-11,5.21
1999-03-12,5.16
1999-03-15,5.15
1999-03-16,5.11
1999-03-17,5.14
1999-03-18,5.11
1999-03-19,5.17
1999-03-22,5.21
1999-03-23,5.20
1999-03-24,5.17
1999-03-25,5.21
1999-03-26,5.21
1999-03-29,5.28
1999-03-30,5.21
1999-03-31,5.25
1999-04-01,5.27
1999-04-02,5.20
1999-04-05,5.20
1999-04-06,5.13
1999-04-07,5.14
1999-04-08,5.03
1999-04-09,5.05
1999-04-12,5.06
1999-04-13,5.12
1999-04-14,5.13
1999-04-15,5.18
1999-04-16,5.23
1999-04-19,5.18
1999-04-20,5.16
1999-04-21,5.17
1999-04-22,5.25
1999-04-23,5.26
1999-04-26,5.23
1999-04-27,5.22
1999-04-28,5.27
1999-04-29,5.22
1999-04-30,5.36
1999-05-03,5.38
1999-05-04,5.42
1999-05-05,5.40
1999-05-06,5.52
1999-05-07,5.54
1999-05-10,5.54
1999-05-11,5.59
1999-05-12,5.51
1999-05-13,5.41
1999-05-14,5.62
1999-05-17,5.66
1999-05-18,5.68
1999-05-19,5.60
1999-05-20,5.60
1999-05-21,5.52
1999-05-24,5.50
1999-05-25,5.49
1999-05-26,5.55
1999-05-27,5.62
1999-05-28,5.64
1999-05-31,
1999-06-01,5.78
1999-06-02,5.80
1999-06-03,5.80
1999-06-04,5.82
1999-06-07,5.81
1999-06-08,5.83
1999-06-09,5.87
1999-06-10,5.92
1999-06-11,6.02
1999-06-14,5.98
1999-06-15,5.98
1999-06-16,5.94
1999-06-17,5.79
1999-06-18,5.84
1999-06-21,5.90
1999-06-22,5.94
1999-06-23,6.00
1999-06-24,6.05
1999-06-25,6.02
1999-06-28,5.96
1999-06-29,5.93
1999-06-30,5.81
1999-07-01,5.85
1999-07-02,5.82
1999-07-05,
1999-07-06,5.88
1999-07-07,5.92
1999-07-08,5.85
1999-07-09,5.84
1999-07-12,5.74
1999-07-13,5.71
1999-07-14,5.74
1999-07-15,5.72
1999-07-16,5.68
1999-07-19,5.66
1999-07-20,5.65
1999-07-21,5.66
1999-07-22,5.78
1999-07-23,5.84
1999-07-26,5.86
1999-07-27,5.82
1999-07-28,5.81
1999-07-29,5.88
1999-07-30,5.92
1999-08-02,5.92
1999-08-03,5.95
1999-08-04,5.96
1999-08-05,5.88
1999-08-06,6.02
1999-08-09,6.13
1999-08-10,6.16
1999-08-11,6.05
1999-08-12,6.08
1999-08-13,5.98
1999-08-16,5.98
1999-08-17,5.89
1999-08-18,5.88
1999-08-19,5.90
1999-08-20,5.88
1999-08-23,5.89
1999-08-24,5.85
1999-08-25,5.73
1999-08-26,5.75
1999-08-27,5.85
1999-08-30,5.95
1999-08-31,5.98
1999-09-01,5.99
1999-09-02,6.03
1999-09-03,5.89
1999-09-06,
1999-09-07,5.95
1999-09-08,5.93
1999-09-09,5.97
1999-09-10,5.89
1999-09-13,5.92
1999-09-14,5.96
1999-09-15,5.94
1999-09-16,5.90
1999-09-17,5.87
1999-09-20,5.91
1999-09-21,5.94
1999-09-22,5.92
1999-09-23,5.87
1999-09-24,5.75
1999-09-27,5.83
1999-09-28,5.89
1999-09-29,5.97
1999-09-30,5.90
1999-10-01,6.00
1999-10-04,5.95
1999-10-05,6.02
1999-10-06,6.04
1999-10-07,6.05
1999-10-08,6.04
1999-10-11,
1999-10-12,6.07
1999-10-13,6.12
1999-10-14,6.17
1999-10-15,6.09
1999-10-18,6.12
1999-10-19,6.18
1999-10-20,6.19
1999-10-21,6.20
1999-10-22,6.21
1999-10-25,6.22
1999-10-26,6.24
1999-10-27,6.19
1999-10-28,6.12
1999-10-29,6.02
1999-11-01,6.06
1999-11-02,6.04
1999-11-03,6.01
1999-11-04,5.95
1999-11-05,5.92
1999-11-08,5.95
1999-11-09,5.97
1999-11-10,6.00
1999-11-11,
1999-11-12,5.93
1999-11-15,5.94
1999-11-16,5.97
1999-11-17,6.04
1999-11-18,6.06
1999-11-19,6.07
1999-11-22,6.09
1999-11-23,6.08
1999-11-24,6.09
1999-11-25,
1999-11-26,6.12
1999-11-29,6.21
1999-11-30,6.18
1999-12-01,6.21
1999-12-02,6.24
1999-12-03,6.17
1999-12-06,6.16
1999-12-07,6.11
1999-12-08,6.15
1999-12-09,6.14
1999-12-10,6.08
1999-12-13,6.11
1999-12-14,6.22
1999-12-15,6.25
1999-12-16,6.31
1999-12-17,6.30
1999-12-20,6.36
1999-12-21,6.38
1999-12-22,6.39
1999-12-23,6.41
1999-12-24,
1999-12-27,6.40
1999-12-28,6.43
1999-12-29,6.40
1999-12-30,6.39
1999-12-31,6.45
2000-01-03,6.58
2000-01-04,6.49
2000-01-05,6.62
2000-01-06,6.57
2000-01-07,6.52
2000-01-10,6.57
2000-01-11,6.67
2000-01-12,6.72
2000-01-13,6.63
2000-01-14,6.69
2000-01-17,
2000-01-18,6.75
2000-01-19,6.73
2000-01-20,6.79
2000-01-21,6.79
2000-01-24,6.69
2000-01-25,6.70
2000-01-26,6.69
2000-01-27,6.68
2000-01-28,6.66
2000-01-31,6.68
2000-02-01,6.62
2000-02-02,6.60
2000-02-03,6.49
2000-02-04,6.53
2000-02-07,6.64
2000-02-08,6.59
2000-02-09,6.56
2000-02-10,6.67
2000-02-11,6.63
2000-02-14,6.56
2000-02-15,6.56
2000-02-16,6.56
2000-02-17,6.58
2000-02-18,6.49
2000-02-21,
2000-02-22,6.36
2000-02-23,6.44
2000-02-24,6.36
2000-02-25,6.36
2000-02-28,6.37
2000-02-29,6.42
2000-03-01,6.39
2000-03-02,6.40
2000-03-03,6.39
2000-03-06,6.42
2000-03-07,6.39
2000-03-08,6.38
2000-03-09,6.35
2000-03-10,6.39
2000-03-13,6.36
2000-03-14,6.31
2000-03-15,6.29
2000-03-16,6.26
2000-03-17,6.20
2000-03-20,6.18
2000-03-21,6.13
2000-03-22,6.13
2000-03-23,6.08
2000-03-24,6.20
2000-03-27,6.21
2000-03-28,6.17
2000-03-29,6.18
2000-03-30,6.06
2000-03-31,6.03
2000-04-03,6.00
2000-04-04,5.90
2000-04-05,5.90
2000-04-06,5.93
2000-04-07,5.86
2000-04-10,5.80
2000-04-11,5.89
2000-04-12,5.97
2000-04-13,5.94
2000-04-14,5.85
2000-04-17,6.01
2000-04-18,6.05
2000-04-19,5.99
2000-04-20,5.99
2000-04-21,
2000-04-24,6.00
2000-04-25,6.14
