Date, Open, High, Low, Close
04/25/00, 6282.97, 6313.80, 6155.70, 6282.97
04/20/00, 6241.22, 6248.10, 6134.40, 6241.22
04/19/00, 6184.91, 6193.60, 6074.00, 6184.91
04/18/00, 6074.04, 6084.20, 5951.70, 6074.04
04/17/00, 5994.57, 6178.10, 5915.20, 5994.57
04/14/00, 6178.12, 6359.10, 6149.80, 6178.12
04/13/00, 6357.00, 6381.90, 6268.40, 6357.00
04/12/00, 6350.80, 6443.50, 6333.60, 6350.80
04/11/00, 6379.22, 6534.00, 6358.40, 6379.22
04/10/00, 6533.38, 6579.60, 6510.40, 6533.38
04/07/00, 6569.88, 6586.30, 6451.10, 6569.88
04/06/00, 6451.14, 6464.90, 6353.80, 6451.14
04/05/00, 6379.32, 6428.50, 6283.20, 6379.32
04/04/00, 6427.03, 6531.30, 6415.50, 6427.03
04/03/00, 6462.12, 6540.20, 6437.90, 6462.12
03/31/00, 6540.22, 6557.40, 6385.80, 6540.22
03/30/00, 6445.17, 6598.80, 6418.50, 6445.17
03/29/00, 6598.83, 6657.30, 6570.30, 6598.83
03/28/00, 6650.14, 6734.90, 6623.70, 6650.14
03/27/00, 6687.17, 6770.40, 6654.40, 6687.17
03/24/00, 6738.50, 6755.10, 6594.60, 6738.50
03/23/00, 6594.61, 6617.80, 6538.70, 6594.61
03/22/00, 6609.62, 6692.30, 6551.70, 6609.62
03/21/00, 6617.87, 6630.60, 6543.40, 6617.87
03/20/00, 6624.51, 6653.40, 6523.30, 6624.51
03/17/00, 6557.99, 6713.10, 6504.10, 6557.99
03/16/00, 6557.25, 6618.20, 6447.00, 6557.25
03/15/00, 6446.99, 6487.10, 6396.10, 6446.99
03/14/00, 6487.11, 6487.11, 6487.11, 6487.11
03/13/00, 6466.87, 6568.70, 6380.60, 6466.87
03/10/00, 6568.73, 6642.50, 6532.10, 6568.73
03/09/00, 6532.11, 6544.20, 6411.20, 6532.11
03/08/00, 6411.21, 6479.70, 6387.20, 6411.21
03/07/00, 6466.54, 6568.30, 6465.50, 6466.54
03/06/00, 6567.81, 6593.30, 6457.00, 6567.81
03/03/00, 6487.46, 6506.30, 6403.00, 6487.46
03/02/00, 6432.10, 6436.50, 6324.20, 6432.10
03/01/00, 6364.89, 6387.30, 6232.60, 6364.89
02/29/00, 6232.56, 6245.50, 6099.60, 6232.56
02/28/00, 6099.64, 6271.10, 6054.10, 6099.64
02/25/00, 6197.98, 6198.00, 6086.70, 6197.98
02/24/00, 6086.70, 6288.80, 6070.90, 6086.70
02/23/00, 6144.10, 6167.30, 6014.70, 6144.10
02/22/00, 6014.73, 6172.80, 6002.70, 6014.73
02/21/00, 6081.62, 6193.60, 6029.90, 6081.62
02/18/00, 6164.96, 6264.10, 6151.40, 6164.96
02/17/00, 6209.34, 6262.20, 6102.90, 6209.34
02/16/00, 6147.38, 6147.40, 6002.50, 6147.38
02/15/00, 6005.19, 6167.50, 5972.70, 6005.19
02/14/00, 6068.62, 6197.50, 6027.50, 6068.62
02/11/00, 6193.32, 6325.70, 6127.40, 6193.32
02/10/00, 6279.81, 6320.00, 6199.80, 6279.81
02/09/00, 6315.41, 6450.90, 6271.50, 6315.41
02/08/00, 6285.81, 6295.70, 6117.30, 6285.81
02/07/00, 6118.64, 6232.10, 6100.70, 6118.64
02/04/00, 6184.98, 6364.90, 6171.20, 6184.98
02/03/00, 6324.33, 6393.50, 6251.60, 6324.33
02/02/00, 6302.83, 6345.20, 6241.60, 6302.83
02/01/00, 6290.93, 6367.10, 6231.90, 6290.93
01/31/00, 6268.54, 6375.60, 6246.80, 6268.54
01/28/00, 6375.61, 6475.10, 6354.80, 6375.61
01/27/00, 6440.97, 6451.60, 6375.60, 6440.97
01/26/00, 6375.60, 6380.00, 6270.40, 6375.60
01/25/00, 6274.10, 6379.80, 6262.90, 6274.10
01/24/00, 6379.83, 6480.40, 6346.30, 6379.83
01/21/00, 6346.31, 6374.70, 6287.10, 6346.31
01/20/00, 6348.73, 6492.70, 6328.30, 6348.73
01/19/00, 6445.45, 6505.90, 6434.40, 6445.45
01/18/00, 6504.57, 6695.90, 6491.50, 6504.57
01/17/00, 6669.46, 6669.46, 6669.46, 6669.46
01/14/00, 6658.18, 6666.80, 6531.50, 6658.18
01/13/00, 6531.46, 6596.50, 6509.40, 6531.46
01/12/00, 6532.84, 6532.80, 6470.30, 6532.84
01/11/00, 6518.94, 6638.10, 6510.80, 6518.94
01/10/00, 6607.71, 6634.20, 6504.80, 6607.71
01/07/00, 6504.75, 6532.40, 6438.80, 6504.75
01/06/00, 6447.24, 6547.30, 6424.40, 6447.24
01/05/00, 6535.90, 6665.90, 6500.40, 6535.90
01/04/00, 6665.86, 6930.20, 6662.90, 6665.86
12/30/99, 6930.20, 6930.20, 6930.20, 6930.20
12/29/99, 6835.91, 6835.91, 6835.91, 6835.91
12/24/99, 6806.51, 6806.51, 6806.51, 6806.51
12/23/99, 6776.81, 6776.81, 6776.81, 6776.81
12/22/99, 6728.65, 6728.65, 6728.65, 6728.65
12/21/99, 6707.50, 6707.50, 6707.50, 6707.50
12/20/99, 6731.19, 6731.19, 6731.19, 6731.19
12/17/99, 6724.58, 6724.58, 6724.58, 6724.58
12/16/99, 6671.98, 6671.98, 6671.98, 6671.98
12/15/99, 6633.82, 6633.82, 6633.82, 6633.82
12/14/99, 6702.08, 6702.08, 6702.08, 6702.08
12/13/99, 6710.71, 6710.71, 6710.71, 6710.71
12/10/99, 6739.52, 6739.52, 6739.52, 6739.52
12/09/99, 6680.84, 6680.84, 6680.84, 6680.84
12/08/99, 6619.38, 6619.38, 6619.38, 6619.38
12/07/99, 6660.92, 6660.92, 6660.92, 6660.92
12/06/99, 6694.01, 6694.01, 6694.01, 6694.01
12/03/99, 6742.17, 6742.17, 6742.17, 6742.17
12/02/99, 6653.67, 6653.70, 6653.70, 6653.67
12/01/99, 6645.97, 6645.97, 6645.97, 6645.97
11/30/99, 6597.17, 6597.17, 6597.17, 6597.17
11/29/99, 6692.31, 6692.31, 6692.31, 6692.31
11/26/99, 6684.79, 6684.79, 6684.79, 6684.79
11/25/99, 6682.76, 6682.76, 6682.76, 6682.76
11/24/99, 6561.76, 6561.76, 6561.76, 6561.76
11/23/99, 6534.20, 6534.20, 6534.20, 6534.20
11/22/99, 6441.99, 6441.99, 6441.99, 6441.99
11/19/99, 6482.25, 6482.25, 6482.25, 6482.25
11/18/99, 6550.75, 6550.75, 6550.75, 6550.75
11/17/99, 6555.69, 6555.69, 6555.69, 6555.69
11/16/99, 6582.99, 6582.99, 6582.99, 6582.99
11/15/99, 6533.64, 6533.64, 6533.64, 6533.64
11/12/99, 6511.58, 6511.58, 6511.58, 6511.58
11/11/99, 6551.44, 6551.44, 6551.44, 6551.44
11/10/99, 6446.96, 6446.96, 6446.96, 6446.96
11/09/99, 6435.45, 6435.45, 6435.45, 6435.45
11/08/99, 6374.34, 6374.34, 6374.34, 6374.34
11/05/99, 6356.61, 6356.61, 6356.61, 6356.61
11/04/99, 6331.33, 6331.30, 6331.30, 6331.33
11/03/99, 6280.84, 6280.84, 6280.84, 6280.84
11/02/99, 6252.00, 6252.00, 6252.00, 6252.00
11/01/99, 6283.97, 6283.97, 6283.97, 6283.97
10/29/99, 6255.72, 6255.72, 6255.72, 6255.72
10/28/99, 6149.10, 6149.10, 6149.10, 6149.10
10/27/99, 6045.70, 6045.70, 6045.70, 6045.70
10/26/99, 6092.40, 6092.40, 6092.40, 6092.40
10/25/99, 6009.36, 6009.36, 6009.36, 6009.36
10/22/99, 6058.91, 6058.91, 6058.91, 6058.91
10/21/99, 5939.34, 5939.30, 5939.30, 5939.34
10/20/99, 6006.68, 6006.68, 6006.68, 6006.68
10/19/99, 5993.69, 5993.69, 5993.69, 5993.69
10/18/99, 5869.18, 5869.18, 5869.18, 5869.18
10/15/99, 5907.33, 5907.33, 5907.33, 5907.33
10/14/99, 6039.40, 6039.40, 6039.40, 6039.40
10/13/99, 6113.36, 6113.36, 6113.36, 6113.36
10/12/99, 6174.85, 6174.85, 6174.85, 6174.85
10/11/99, 6234.78, 6234.78, 6234.78, 6234.78
10/08/99, 6199.39, 6199.39, 6199.39, 6199.39
10/07/99, 6200.45, 6200.45, 6200.45, 6200.45
10/06/99, 6097.53, 6097.53, 6097.53, 6097.53
10/05/99, 6084.51, 6084.51, 6084.51, 6084.51
10/04/99, 6052.88, 6052.88, 6052.88, 6052.88
10/01/99, 5970.73, 5970.73, 5970.73, 5970.73
09/30/99, 6029.84, 6029.84, 6029.84, 6029.84
09/29/99, 6020.64, 6020.64, 6020.64, 6020.64
09/28/99, 6007.18, 6007.18, 6007.18, 6007.18
09/27/99, 6078.58, 6078.58, 6078.58, 6078.58
09/24/99, 5937.64, 5937.64, 5937.64, 5937.64
09/23/99, 5969.71, 5969.71, 5969.71, 5969.71
09/22/99, 5913.93, 5913.93, 5913.93, 5913.93
09/21/99, 5957.34, 5957.34, 5957.34, 5957.34
09/20/99, 6056.53, 6056.53, 6056.53, 6056.53
09/17/99, 6039.80, 6039.80, 6039.80, 6039.80
09/16/99, 6014.61, 6014.61, 6014.61, 6014.61
09/15/99, 6067.69, 6067.69, 6067.69, 6067.69
09/14/99, 6115.96, 6115.96, 6115.96, 6115.96
09/13/99, 6168.97, 6168.97, 6168.97, 6168.97
09/10/99, 6191.01, 6191.01, 6191.01, 6191.01
09/09/99, 6260.58, 6260.58, 6260.58, 6260.58
09/08/99, 6253.57, 6253.60, 6253.60, 6253.57
09/07/99, 6309.51, 6309.51, 6309.51, 6309.51
09/06/99, 6375.70, 6375.70, 6375.70, 6375.70
09/03/99, 6332.15, 6332.15, 6332.15, 6332.15
09/02/99, 6195.60, 6195.60, 6195.60, 6195.60
09/01/99, 6276.18, 6276.18, 6276.18, 6276.18
08/31/99, 6246.44, 6246.44, 6246.44, 6246.44
08/27/99, 6375.16, 6375.16, 6375.16, 6375.16
08/26/99, 6383.93, 6383.93, 6383.93, 6383.93
08/25/99, 6369.49, 6369.49, 6369.49, 6369.49
08/24/99, 6315.06, 6315.06, 6315.06, 6315.06
08/23/99, 6322.11, 6322.11, 6322.11, 6322.11
08/20/99, 6180.84, 6180.84, 6180.84, 6180.84
08/19/99, 6117.98, 6117.98, 6117.98, 6117.98
08/18/99, 6201.78, 6201.78, 6201.78, 6201.78
08/17/99, 6166.45, 6166.45, 6166.45, 6166.45
08/16/99, 6235.41, 6235.41, 6235.41, 6235.41
08/13/99, 6245.13, 6245.13, 6245.13, 6245.13
08/12/99, 6153.34, 6153.34, 6153.34, 6153.34
08/11/99, 6014.44, 6014.44, 6014.44, 6014.44
08/10/99, 5978.35, 5978.40, 5978.40, 5978.35
08/09/99, 6126.45, 6126.45, 6126.45, 6126.45
08/06/99, 6121.00, 6121.00, 6121.00, 6121.00
08/05/99, 6101.61, 6101.61, 6101.61, 6101.61
08/04/99, 6235.43, 6235.43, 6235.43, 6235.43
08/03/99, 6250.65, 6250.65, 6250.65, 6250.65
08/02/99, 6288.29, 6288.29, 6288.29, 6288.29
07/30/99, 6231.93, 6231.93, 6231.93, 6231.93
07/29/99, 6117.53, 6117.53, 6117.53, 6117.53
07/28/99, 6297.22, 6297.22, 6297.22, 6297.22
07/27/99, 6262.83, 6262.83, 6262.83, 6262.83
07/26/99, 6169.13, 6169.13, 6169.13, 6169.13
07/23/99, 6207.42, 6207.42, 6207.42, 6207.42
07/22/99, 6297.75, 6297.75, 6297.75, 6297.75
07/21/99, 6329.83, 6329.83, 6329.83, 6329.83
07/20/99, 6391.99, 6391.99, 6391.99, 6391.99
07/19/99, 6483.72, 6483.70, 6483.70, 6483.72
07/16/99, 6563.25, 6563.25, 6563.25, 6563.25
07/15/99, 6574.99, 6574.99, 6574.99, 6574.99
07/14/99, 6473.14, 6473.14, 6473.14, 6473.14
07/13/99, 6445.62, 6445.62, 6445.62, 6445.62
07/12/99, 6545.47, 6545.47, 6545.47, 6545.47
07/09/99, 6562.60, 6562.60, 6562.60, 6562.60
07/08/99, 6557.34, 6557.34, 6557.34, 6557.34
07/07/99, 6597.42, 6597.42, 6597.42, 6597.42
07/06/99, 6620.63, 6620.63, 6620.63, 6620.63
07/05/99, 6592.00, 6592.00, 6592.00, 6592.00
07/02/99, 6491.92, 6491.92, 6491.92, 6491.92
07/01/99, 6488.90, 6488.90, 6488.90, 6488.90
06/30/99, 6318.53, 6318.53, 6318.53, 6318.53
06/29/99, 6307.08, 6307.08, 6307.08, 6307.08
06/28/99, 6405.75, 6405.75, 6405.75, 6405.75
06/25/99, 6435.43, 6435.43, 6435.43, 6435.43
06/24/99, 6416.69, 6416.69, 6416.69, 6416.69
06/23/99, 6496.47, 6496.50, 6496.50, 6496.47
06/22/99, 6552.42, 6552.42, 6552.42, 6552.42
06/21/99, 6581.25, 6581.25, 6581.25, 6581.25
06/18/99, 6527.81, 6527.81, 6527.81, 6527.81
06/17/99, 6493.61, 6493.61, 6493.61, 6493.61
06/16/99, 6504.88, 6504.88, 6504.88, 6504.88
06/15/99, 6451.24, 6451.24, 6451.24, 6451.24
06/14/99, 6430.15, 6430.15, 6430.15, 6430.15
06/11/99, 6484.79, 6484.79, 6484.79, 6484.79
06/10/99, 6403.41, 6403.41, 6403.41, 6403.41
06/09/99, 6453.01, 6453.01, 6453.01, 6453.01
06/08/99, 6431.54, 6431.54, 6431.54, 6431.54
06/07/99, 6412.03, 6412.03, 6412.03, 6412.03
06/04/99, 6361.48, 6361.48, 6361.48, 6361.48
06/03/99, 6348.58, 6348.58, 6348.58, 6348.58
06/02/99, 6302.23, 6302.20, 6302.20, 6302.23
06/01/99, 6250.03, 6250.03, 6250.03, 6250.03
05/28/99, 6226.22, 6226.22, 6226.22, 6226.22
05/27/99, 6199.47, 6199.47, 6199.47, 6199.47
05/26/99, 6236.77, 6236.77, 6236.77, 6236.77
05/25/99, 6249.32, 6249.32, 6249.32, 6249.32
05/24/99, 6322.10, 6322.10, 6322.10, 6322.10
05/21/99, 6353.10, 6353.10, 6353.10, 6353.10
05/20/99, 6368.18, 6368.18, 6368.18, 6368.18
05/19/99, 6266.73, 6266.73, 6266.73, 6266.73
05/18/99, 6206.43, 6206.43, 6206.43, 6206.43
05/17/99, 6165.79, 6165.79, 6165.79, 6165.79
05/14/99, 6300.42, 6300.42, 6300.42, 6300.42
05/13/99, 6456.62, 6456.62, 6456.62, 6456.62
05/12/99, 6343.12, 6343.12, 6343.12, 6343.12
05/11/99, 6378.26, 6378.26, 6378.26, 6378.26
05/10/99, 6348.82, 6348.82, 6348.82, 6348.82
05/07/99, 6356.03, 6356.03, 6356.03, 6356.03
05/06/99, 6406.59, 6406.59, 6406.59, 6406.59
05/05/99, 6401.67, 6401.67, 6401.67, 6401.67
05/04/99, 6533.14, 6533.14, 6533.14, 6533.14
04/30/99, 6552.18, 6552.18, 6552.18, 6552.18
04/29/99, 6497.60, 6497.60, 6497.60, 6497.60
04/28/99, 6598.77, 6598.77, 6598.77, 6598.77
04/27/99, 6593.62, 6593.62, 6593.62, 6593.62
04/26/99, 6503.59, 6503.59, 6503.59, 6503.59
04/23/99, 6427.99, 6427.99, 6427.99, 6427.99
04/22/99, 6413.55, 6413.55, 6413.55, 6413.55
04/21/99, 6310.95, 6311.00, 6311.00, 6310.95
04/20/99, 6319.76, 6319.76, 6319.76, 6319.76
04/19/99, 6515.34, 6515.34, 6515.34, 6515.34
04/16/99, 6420.61, 6420.61, 6420.61, 6420.61
04/15/99, 6466.13, 6466.10, 6466.10, 6466.13
04/14/99, 6493.56, 6493.56, 6493.56, 6493.56
04/13/99, 6513.08, 6513.08, 6513.08, 6513.08
04/12/99, 6441.16, 6441.20, 6441.20, 6441.16
04/09/99, 6472.83, 6472.83, 6472.83, 6472.83
04/08/99, 6437.87, 6437.87, 6437.87, 6437.87
04/07/99, 6473.22, 6473.22, 6473.22, 6473.22
04/06/99, 6415.28, 6415.28, 6415.28, 6415.28
04/01/99, 6330.02, 6330.02, 6330.02, 6330.02
03/31/99, 6295.33, 6295.30, 6295.30, 6295.33
03/30/99, 6264.15, 6264.15, 6264.15, 6264.15
03/29/99, 6252.92, 6252.90, 6252.90, 6252.92
03/26/99, 6139.23, 6139.23, 6139.23, 6139.23
03/25/99, 6084.99, 6084.99, 6084.99, 6084.99
03/24/99, 6016.70, 6016.70, 6016.70, 6016.70
03/23/99, 6060.51, 6060.51, 6060.51, 6060.51
03/22/99, 6152.76, 6152.76, 6152.76, 6152.76
03/19/99, 6163.21, 6163.21, 6163.21, 6163.21
03/18/99, 6114.27, 6114.27, 6114.27, 6114.27
03/17/99, 6140.58, 6140.58, 6140.58, 6140.58
03/16/99, 6201.91, 6201.91, 6201.91, 6201.91
03/15/99, 6206.77, 6206.77, 6206.77, 6206.77
03/12/99, 6282.22, 6282.22, 6282.22, 6282.22
03/11/99, 6335.68, 6335.68, 6335.68, 6335.68
03/10/99, 6241.48, 6241.48, 6241.48, 6241.48
03/09/99, 6237.66, 6237.70, 6237.70, 6237.66
03/08/99, 6208.85, 6208.80, 6208.80, 6208.85
03/05/99, 6205.48, 6205.48, 6205.48, 6205.48
03/04/99, 6101.45, 6101.45, 6101.45, 6101.45
03/03/99, 6048.32, 6048.32, 6048.32, 6048.32
03/02/99, 6061.27, 6061.27, 6061.27, 6061.27
03/01/99, 6060.87, 6060.87, 6060.87, 6060.87
02/26/99, 6175.10, 6175.10, 6175.10, 6175.10
02/25/99, 6206.51, 6206.51, 6206.51, 6206.51
02/24/99, 6307.62, 6307.62, 6307.62, 6307.62
02/23/99, 6155.24, 6155.24, 6155.24, 6155.24
02/22/99, 6069.93, 6069.93, 6069.93, 6069.93
02/19/99, 6031.21, 6031.21, 6031.21, 6031.21
02/18/99, 6074.92, 6074.92, 6074.92, 6074.92
02/17/99, 6078.39, 6078.39, 6078.39, 6078.39
02/16/99, 6108.61, 6108.61, 6108.61, 6108.61
02/15/99, 6023.24, 6023.24, 6023.24, 6023.24
02/12/99, 5950.73, 5950.73, 5950.73, 5950.73
02/11/99, 5888.50, 5888.50, 5888.50, 5888.50
02/10/99, 5770.20, 5770.20, 5770.20, 5770.20
02/09/99, 5779.91, 5779.91, 5779.91, 5779.91
02/08/99, 5834.91, 5834.91, 5834.91, 5834.91
02/05/99, 5855.27, 5855.27, 5855.27, 5855.27
02/04/99, 5939.92, 5939.92, 5939.92, 5939.92
02/03/99, 5940.26, 5940.26, 5940.26, 5940.26
02/02/99, 6012.98, 6012.98, 6012.98, 6012.98
02/01/99, 6012.39, 6012.39, 6012.39, 6012.39
01/29/99, 5896.00, 5896.00, 5896.00, 5896.00
01/28/99, 5872.50, 5872.50, 5872.50, 5872.50
01/27/99, 5876.40, 5876.40, 5876.40, 5876.40
01/26/99, 5885.66, 5885.66, 5885.66, 5885.66
01/25/99, 5880.94, 5880.94, 5880.94, 5880.94
01/22/99, 5861.24, 5861.24, 5861.24, 5861.24
01/21/99, 6022.25, 6022.25, 6022.25, 6022.25
01/20/99, 6105.59, 6105.59, 6105.59, 6105.59
01/19/99, 6027.59, 6027.59, 6027.59, 6027.59
01/18/99, 6123.93, 6123.93, 6123.93, 6123.93
01/15/99, 5941.02, 5941.02, 5941.02, 5941.02
01/14/99, 5820.18, 5820.18, 5820.18, 5820.18
01/13/99, 5850.11, 5850.11, 5850.11, 5850.11
01/12/99, 6033.61, 6033.61, 6033.61, 6033.61
01/11/99, 6085.01, 6085.01, 6085.01, 6085.01
01/08/99, 6147.18, 6147.18, 6147.18, 6147.18
01/07/99, 6101.23, 6101.23, 6101.23, 6101.23
01/06/99, 6148.83, 6148.83, 6148.83, 6148.83
01/05/99, 5958.19, 5958.19, 5958.19, 5958.19
01/04/99, 5879.44, 5879.40, 5879.40, 5879.44
12/30/98, 5882.58, 5882.58, 5882.58, 5882.58
12/29/98, 5941.54, 5941.54, 5941.54, 5941.54
12/24/98, 5867.22, 5867.22, 5867.22, 5867.22
12/23/98, 5908.80, 5908.79, 5908.79, 5908.80
12/22/98, 5843.30, 5843.29, 5843.29, 5843.30
12/21/98, 5876.50, 5876.50, 5876.50, 5876.50
12/18/98, 5741.85, 5741.85, 5741.85, 5741.85
12/17/98, 5685.24, 5685.24, 5685.24, 5685.24
12/16/98, 5630.40, 5630.40, 5630.40, 5630.40
12/15/98, 5557.09, 5557.09, 5557.09, 5557.09
12/14/98, 5534.52, 5534.52, 5534.52, 5534.52
12/11/98, 5541.70, 5541.73, 5541.73, 5541.70
12/10/98, 5660.31, 5660.31, 5660.31, 5660.31
12/09/98, 5669.10, 5669.11, 5669.11, 5669.10
12/08/98, 5615.68, 5615.68, 5615.68, 5615.68
12/07/98, 5576.71, 5576.71, 5576.71, 5576.71
12/04/98, 5581.90, 5581.93, 5581.93, 5581.90
12/03/98, 5566.13, 5566.13, 5566.13, 5566.13
12/02/98, 5507.20, 5507.20, 5507.20, 5507.20
12/01/98, 5537.45, 5537.45, 5537.45, 5537.45
11/30/98, 5743.89, 5743.89, 5743.89, 5743.89
11/27/98, 5844.20, 5844.21, 5844.21, 5844.20
11/26/98, 5827.90, 5827.87, 5827.87, 5827.90
11/25/98, 5755.30, 5755.27, 5755.27, 5755.30
11/24/98, 5798.26, 5798.26, 5798.26, 5798.26
11/23/98, 5848.40, 5848.37, 5848.37, 5848.40
11/20/98, 5717.49, 5717.49, 5717.49, 5717.49
11/19/98, 5606.20, 5606.18, 5606.18, 5606.20
11/18/98, 5474.00, 5474.01, 5474.01, 5474.00
11/17/98, 5502.72, 5502.72, 5502.72, 5502.72
11/16/98, 5510.50, 5510.50, 5510.50, 5510.50
11/13/98, 5463.22, 5463.22, 5463.22, 5463.22
11/12/98, 5448.90, 5448.95, 5448.95, 5448.90
11/11/98, 5476.80, 5476.84, 5476.84, 5476.80
11/10/98, 5432.30, 5432.34, 5432.34, 5432.30
11/09/98, 5433.90, 5433.86, 5433.86, 5433.90
11/06/98, 5491.00, 5490.97, 5490.97, 5491.00
11/05/98, 5479.80, 5479.81, 5479.81, 5479.80
11/04/98, 5622.90, 5622.86, 5622.86, 5622.90
11/03/98, 5503.90, 5503.87, 5503.87, 5503.90
11/02/98, 5525.50, 5525.52, 5525.52, 5525.50
10/30/98, 5438.40, 5438.37, 5438.37, 5438.40
10/29/98, 5358.50, 5358.52, 5358.52, 5358.50
10/28/98, 5293.90, 5293.88, 5293.88, 5293.90
10/27/98, 5331.20, 5331.16, 5331.16, 5331.20
10/26/98, 5231.50, 5231.47, 5231.47, 5231.50
10/23/98, 5217.10, 5217.14, 5217.14, 5217.10
10/22/98, 5229.90, 5229.94, 5229.94, 5229.90
10/21/98, 5206.60, 5206.60, 5206.60, 5206.60
10/20/98, 5251.90, 5251.88, 5251.88, 5251.90
10/19/98, 5077.50, 5077.53, 5077.53, 5077.50
10/16/98, 5133.10, 5133.07, 5133.07, 5133.10
10/15/98, 5056.30, 5056.31, 5056.31, 5056.30
10/14/98, 5038.40, 5038.43, 5038.43, 5038.40
10/13/98, 4990.10, 4990.14, 4990.14, 4990.10
10/12/98, 5037.60, 5037.65, 5037.65, 5037.60
10/09/98, 4823.40, 4823.39, 4823.39, 4823.40
10/08/98, 4698.80, 4698.85, 4698.85, 4698.80
10/07/98, 4828.90, 4828.90, 4828.90, 4828.90
10/06/98, 4854.00, 4853.97, 4853.97, 4854.00
10/05/98, 4648.70, 4648.70, 4648.70, 4648.70
10/02/98, 4750.40, 4750.35, 4750.35, 4750.40
10/01/98, 4908.20, 4908.19, 4908.19, 4908.20
09/30/98, 5064.40, 5064.36, 5064.36, 5064.40
09/29/98, 5108.70, 5108.73, 5108.73, 5108.70
09/28/98, 5093.50, 5093.53, 5093.53, 5093.50
09/25/98, 5061.00, 5061.01, 5061.01, 5061.00
09/24/98, 5167.60, 5167.63, 5167.63, 5167.60
09/23/98, 5214.70, 5214.68, 5214.68, 5214.70
09/22/98, 5103.30, 5103.31, 5103.31, 5103.30
09/21/98, 4990.30, 4990.33, 4990.33, 4990.30
09/18/98, 5055.60, 5055.58, 5055.58, 5055.60
09/17/98, 5132.90, 5132.89, 5132.89, 5132.90
09/16/98, 5291.70, 5291.67, 5291.67, 5291.70
09/15/98, 5281.70, 5281.73, 5281.73, 5281.70
09/14/98, 5268.60, 5268.61, 5268.61, 5268.60
09/11/98, 5118.60, 5118.59, 5118.59, 5118.60
09/10/98, 5136.60, 5136.57, 5136.57, 5136.60
09/09/98, 5311.30, 5311.26, 5311.26, 5311.30
09/08/98, 5344.20, 5344.20, 5344.20, 5344.20
09/07/98, 5347.00, 5347.03, 5347.03, 5347.00
09/04/98, 5167.00, 5167.03, 5167.03, 5167.00
09/03/98, 5118.70, 5118.72, 5118.72, 5118.70
09/02/98, 5235.80, 5235.85, 5235.85, 5235.80
09/01/98, 5169.10, 5169.14, 5169.14, 5169.10
08/28/98, 5249.40, 5249.40, 5249.40, 5249.40
08/27/98, 5368.50, 5368.50, 5368.50, 5368.50
08/26/98, 5545.40, 5545.40, 5545.40, 5545.40
08/25/98, 5654.40, 5654.40, 5654.40, 5654.40
08/24/98, 5553.70, 5553.70, 5553.70, 5553.70
08/21/98, 5477.00, 5477.00, 5477.00, 5477.00
08/20/98, 5667.40, 5667.40, 5667.40, 5667.40
08/19/98, 5694.30, 5694.30, 5694.30, 5694.30
08/18/98, 5648.20, 5648.20, 5648.20, 5648.20
08/17/98, 5467.20, 5467.20, 5467.20, 5467.20
08/14/98, 5455.00, 5455.00, 5455.00, 5455.00
08/13/98, 5399.50, 5399.50, 5399.50, 5399.50
08/12/98, 5462.20, 5462.20, 5462.20, 5462.20
08/11/98, 5432.80, 5432.80, 5432.80, 5432.80
08/10/98, 5587.60, 5587.60, 5587.60, 5587.60
08/07/98, 5680.40, 5680.40, 5680.40, 5680.40
08/06/98, 5594.10, 5594.10, 5594.10, 5594.10
08/05/98, 5632.50, 5632.50, 5632.50, 5632.50
08/04/98, 5736.10, 5736.10, 5736.10, 5736.10
08/03/98, 5809.70, 5809.70, 5809.70, 5809.70
07/31/98, 5837.00, 5837.00, 5837.00, 5837.00
07/30/98, 5910.70, 5910.70, 5910.70, 5910.70
07/29/98, 5844.10, 5844.10, 5844.10, 5844.10
07/28/98, 5835.80, 5835.80, 5835.80, 5835.80
07/27/98, 5836.10, 5836.10, 5836.10, 5836.10
07/24/98, 5892.30, 5892.30, 5892.30, 5892.30
07/23/98, 5976.20, 5976.20, 5976.20, 5976.20
07/22/98, 5989.60, 5989.60, 5989.60, 5989.60
07/21/98, 6132.70, 6132.70, 6132.70, 6132.70
07/20/98, 6179.00, 6179.00, 6179.00, 6179.00
07/17/98, 6174.00, 6174.00, 6174.00, 6174.00
07/16/98, 6116.80, 6116.80, 6116.80, 6116.80
07/15/98, 6151.50, 6151.50, 6151.50, 6151.50
07/14/98, 6100.20, 6100.20, 6100.20, 6100.20
07/13/98, 5958.20, 5958.20, 5958.20, 5958.20
07/10/98, 5929.70, 5929.70, 5929.70, 5929.70
07/09/98, 5969.70, 5969.70, 5969.70, 5969.70
07/08/98, 6009.60, 6009.60, 6009.60, 6009.60
07/07/98, 6003.40, 6003.40, 6003.40, 6003.40
07/06/98, 5990.30, 5990.30, 5990.30, 5990.30
07/03/98, 5988.40, 5988.40, 5988.40, 5988.40
07/02/98, 5960.20, 5960.20, 5960.20, 5960.20
07/01/98, 5919.90, 5919.90, 5919.90, 5919.90
06/30/98, 5832.50, 5832.50, 5832.50, 5832.50
06/29/98, 5884.50, 5884.50, 5884.50, 5884.50
06/26/98, 5877.40, 5877.40, 5877.40, 5877.40
06/25/98, 5858.90, 5858.90, 5858.90, 5858.90
06/24/98, 5804.90, 5804.90, 5804.90, 5804.90
06/23/98, 5772.00, 5772.00, 5772.00, 5772.00
06/22/98, 5712.40, 5712.40, 5712.40, 5712.40
06/19/98, 5748.10, 5748.10, 5748.10, 5748.10
06/18/98, 5812.10, 5812.10, 5812.10, 5812.10
06/17/98, 5832.70, 5832.70, 5832.70, 5832.70
06/16/98, 5729.68, 5729.70, 5729.70, 5729.68
06/15/98, 5715.70, 5715.70, 5715.70, 5715.70
06/12/98, 5769.80, 5769.80, 5769.80, 5769.80
06/11/98, 5852.50, 5852.50, 5852.50, 5852.50
06/10/98, 5987.40, 5987.40, 5987.40, 5987.40
06/09/98, 6019.80, 6019.80, 6019.80, 6019.80
06/08/98, 6037.80, 6037.80, 6037.80, 6037.80
06/05/98, 5947.30, 5947.30, 5947.30, 5947.30
06/04/98, 5860.80, 5860.80, 5860.80, 5860.80
06/03/98, 5898.40, 5898.40, 5898.40, 5898.40
06/02/98, 5842.30, 5842.30, 5842.30, 5842.30
06/01/98, 5837.90, 5837.90, 5837.90, 5837.90
05/29/98, 5870.70, 5870.70, 5870.70, 5870.70
05/28/98, 5862.30, 5862.30, 5862.30, 5862.30
05/27/98, 5870.20, 5870.20, 5870.20, 5870.20
05/26/98, 5970.70, 5970.70, 5970.70, 5970.70
05/22/98, 5955.60, 5955.60, 5955.60, 5955.60
05/21/98, 5935.60, 5935.60, 5935.60, 5935.60
05/20/98, 5907.40, 5907.40, 5907.40, 5907.40
05/19/98, 5877.80, 5877.80, 5877.80, 5877.80
05/18/98, 5826.20, 5826.20, 5826.20, 5826.20
05/15/98, 5917.80, 5917.80, 5917.80, 5917.80
05/14/98, 5948.50, 5948.50, 5948.50, 5948.50
05/13/98, 5972.90, 5972.90, 5972.90, 5972.90
05/12/98, 5956.70, 5956.70, 5956.70, 5956.70
05/11/98, 6028.30, 6028.30, 6028.30, 6028.30
05/08/98, 5969.80, 5969.80, 5969.80, 5969.80
05/07/98, 5938.00, 5938.00, 5938.00, 5938.00
05/06/98, 5992.40, 5992.40, 5992.40, 5992.40
05/05/98, 5986.50, 5986.50, 5986.50, 5986.50
05/01/98, 6010.30, 6010.30, 6010.30, 6010.30
04/30/98, 5928.30, 5928.30, 5928.30, 5928.30
04/29/98, 5833.10, 5833.10, 5833.10, 5833.10
04/28/98, 5806.60, 5806.60, 5806.60, 5806.60
04/27/98, 5722.40, 5722.40, 5722.40, 5722.40
04/24/98, 5863.90, 5863.90, 5863.90, 5863.90
04/23/98, 5898.10, 5898.10, 5898.10, 5898.10
04/22/98, 5931.10, 5931.10, 5931.10, 5931.10
04/21/98, 5955.00, 5955.00, 5955.00, 5955.00
04/20/98, 5954.10, 5954.10, 5954.10, 5954.10
04/17/98, 5922.20, 5922.20, 5922.20, 5922.20
04/16/98, 6002.00, 6002.00, 6002.00, 6002.00
04/15/98, 6074.10, 6074.10, 6074.10, 6074.10
04/14/98, 6104.10, 6104.10, 6104.10, 6104.10
04/09/98, 6105.50, 6105.50, 6105.50, 6105.50
04/08/98, 6055.20, 6055.20, 6055.20, 6055.20
04/07/98, 6094.00, 6094.00, 6094.00, 6094.00
04/06/98, 6105.80, 6105.80, 6105.80, 6105.80
04/03/98, 6064.20, 6064.20, 6064.20, 6064.20
04/02/98, 6052.80, 6052.80, 6052.80, 6052.80
04/01/98, 6017.60, 6017.60, 6017.60, 6017.60
03/31/98, 5932.20, 5932.20, 5932.20, 5932.20
03/30/98, 5911.90, 5911.90, 5911.90, 5911.90
03/27/98, 5939.30, 5939.30, 5939.30, 5939.30
03/26/98, 5905.60, 5905.60, 5905.60, 5905.60
03/25/98, 5967.80, 5967.80, 5967.80, 5967.80
03/24/98, 5983.70, 5983.70, 5983.70, 5983.70
03/23/98, 5947.00, 5947.00, 5947.00, 5947.00
03/20/98, 5956.30, 5956.30, 5956.30, 5956.30
03/19/98, 5997.90, 5997.90, 5997.90, 5997.90
03/18/98, 5903.60, 5903.60, 5903.60, 5903.60
03/17/98, 5834.90, 5834.90, 5834.90, 5834.90
03/16/98, 5785.10, 5785.10, 5785.10, 5785.10
03/13/98, 5782.30, 5782.30, 5782.30, 5782.30
03/12/98, 5794.80, 5794.80, 5794.80, 5794.80
03/11/98, 5829.80, 5829.80, 5829.80, 5829.80
03/10/98, 5828.50, 5828.50, 5828.50, 5828.50
03/09/98, 5818.90, 5818.90, 5818.90, 5818.90
03/06/98, 5782.90, 5782.90, 5782.90, 5782.90
03/05/98, 5695.60, 5695.60, 5695.60, 5695.60
03/04/98, 5733.10, 5733.10, 5733.10, 5733.10
03/03/98, 5807.70, 5807.70, 5807.70, 5807.70
03/02/98, 5820.60, 5820.60, 5820.60, 5820.60
02/27/98, 5767.30, 5767.30, 5767.30, 5767.30
02/26/98, 5764.80, 5764.80, 5764.80, 5764.80
02/25/98, 5745.10, 5745.10, 5745.10, 5745.10
02/24/98, 5651.00, 5651.00, 5651.00, 5651.00
02/23/98, 5702.80, 5702.80, 5702.80, 5702.80
02/20/98, 5751.60, 5751.60, 5751.60, 5751.60
02/19/98, 5718.50, 5718.50, 5718.50, 5718.50
02/18/98, 5723.40, 5723.40, 5723.40, 5723.40
02/17/98, 5709.50, 5709.50, 5709.50, 5709.50
02/16/98, 5619.90, 5619.90, 5619.90, 5619.90
02/13/98, 5582.30, 5582.30, 5582.30, 5582.30
02/12/98, 5552.50, 5552.50, 5552.50, 5552.50
02/11/98, 5607.90, 5607.90, 5607.90, 5607.90
02/10/98, 5613.30, 5613.30, 5613.30, 5613.30
02/09/98, 5600.90, 5600.90, 5600.90, 5600.90
02/06/98, 5629.70, 5629.70, 5629.70, 5629.70
02/05/98, 5606.40, 5606.40, 5606.40, 5606.40
02/04/98, 5595.80, 5595.80, 5595.80, 5595.80
02/03/98, 5612.80, 5612.80, 5612.80, 5612.80
02/02/98, 5599.00, 5599.00, 5599.00, 5599.00
01/30/98, 5458.50, 5458.50, 5458.50, 5458.50
01/29/98, 5422.40, 5422.40, 5422.40, 5422.40
01/28/98, 5372.60, 5372.60, 5372.60, 5372.60
01/27/98, 5326.30, 5326.30, 5326.30, 5326.30
01/26/98, 5237.20, 5237.20, 5237.20, 5237.20
01/23/98, 5181.40, 5181.40, 5181.40, 5181.40
01/22/98, 5253.13, 5253.10, 5253.10, 5253.13
01/21/98, 5272.30, 5272.30, 5272.30, 5272.30
01/20/98, 5278.20, 5278.20, 5278.20, 5278.20
01/19/98, 5273.60, 5273.60, 5273.60, 5273.60
01/16/98, 5263.10, 5263.10, 5263.10, 5263.10
01/15/98, 5165.80, 5165.80, 5165.80, 5165.80
01/14/98, 5106.90, 5106.90, 5106.90, 5106.90
01/13/98, 5083.90, 5083.90, 5083.90, 5083.90
01/12/98, 5068.80, 5068.80, 5068.80, 5068.80
01/09/98, 5138.30, 5138.30, 5138.30, 5138.30
01/08/98, 5237.10, 5237.10, 5237.10, 5237.10
01/07/98, 5224.10, 5224.10, 5224.10, 5224.10
01/06/98, 5264.40, 5264.40, 5264.40, 5264.40
01/05/98, 5262.50, 5262.50, 5262.50, 5262.50
01/02/98, 5193.50, 5193.50, 5193.50, 5193.50
12/31/97, 5135.50, 5135.50, 5135.50, 5135.50
12/30/97, 5132.30, 5132.30, 5132.30, 5132.30
12/29/97, 5112.40, 5112.40, 5112.40, 5112.40
12/24/97, 5013.90, 5013.90, 5013.90, 5013.90
12/23/97, 5049.80, 5049.80, 5049.80, 5049.80
12/22/97, 5018.20, 5018.20, 5018.20, 5018.20
12/19/97, 5020.20, 5020.20, 5020.20, 5020.20
12/18/97, 5168.30, 5168.30, 5168.30, 5168.30
12/17/97, 5190.80, 5190.80, 5190.80, 5190.80
12/16/97, 5203.40, 5203.40, 5203.40, 5203.40
12/15/97, 5121.80, 5121.80, 5121.80, 5121.80
12/12/97, 5045.20, 5045.20, 5045.20, 5045.20
12/11/97, 5035.90, 5035.90, 5035.90, 5035.90
12/10/97, 5130.70, 5130.70, 5130.70, 5130.70
12/09/97, 5177.10, 5177.10, 5177.10, 5177.10
12/08/97, 5187.40, 5187.40, 5187.40, 5187.40
12/05/97, 5142.90, 5142.90, 5142.90, 5142.90
12/04/97, 5082.30, 5082.30, 5082.30, 5082.30
12/03/97, 4970.70, 4970.70, 4970.70, 4970.70
12/02/97, 4977.60, 4977.60, 4977.60, 4977.60
12/01/97, 4921.80, 4921.80, 4921.80, 4921.80
11/28/97, 4831.80, 4831.80, 4831.80, 4831.80
11/27/97, 4889.00, 4889.00, 4889.00, 4889.00
11/26/97, 4891.20, 4891.20, 4891.20, 4891.20
11/25/97, 4863.50, 4863.50, 4863.50, 4863.50
11/24/97, 4898.60, 4898.60, 4898.60, 4898.60
11/21/97, 4985.80, 4985.80, 4985.80, 4985.80
11/20/97, 4908.40, 4908.40, 4908.40, 4908.40
11/19/97, 4830.10, 4830.10, 4830.10, 4830.10
11/18/97, 4845.40, 4845.40, 4845.40, 4845.40
11/17/97, 4867.00, 4867.00, 4867.00, 4867.00
11/14/97, 4741.80, 4741.80, 4741.80, 4741.80
11/13/97, 4711.00, 4711.00, 4711.00, 4711.00
11/12/97, 4720.40, 4720.40, 4720.40, 4720.40
11/11/97, 4793.70, 4793.70, 4793.70, 4793.70
11/10/97, 4806.80, 4806.80, 4806.80, 4806.80
11/07/97, 4764.30, 4764.30, 4764.30, 4764.30
11/06/97, 4863.80, 4863.80, 4863.80, 4863.80
11/05/97, 4908.30, 4908.30, 4908.30, 4908.30
11/04/97, 4897.40, 4897.40, 4897.40, 4897.40
11/03/97, 4906.40, 4906.40, 4906.40, 4906.40
10/31/97, 4842.30, 4842.30, 4842.30, 4842.30
10/30/97, 4801.90, 4801.90, 4801.90, 4801.90
10/29/97, 4871.80, 4871.80, 4871.80, 4871.80
10/28/97, 4755.40, 4755.40, 4755.40, 4755.40
10/27/97, 4840.70, 4840.70, 4840.70, 4840.70
10/24/97, 4970.20, 4970.20, 4970.20, 4970.20
10/23/97, 4991.50, 4991.50, 4991.50, 4991.50
10/22/97, 5148.80, 5148.80, 5148.80, 5148.80
10/21/97, 5225.90, 5225.90, 5225.90, 5225.90
10/20/97, 5211.00, 5211.00, 5211.00, 5211.00
10/17/97, 5271.10, 5271.10, 5271.10, 5271.10
10/16/97, 5287.90, 5287.90, 5287.90, 5287.90
10/15/97, 5263.70, 5263.70, 5263.70, 5263.70
10/14/97, 5298.90, 5298.90, 5298.90, 5298.90
10/13/97, 5300.10, 5300.10, 5300.10, 5300.10
10/10/97, 5227.30, 5227.30, 5227.30, 5227.30
10/09/97, 5217.80, 5217.80, 5217.80, 5217.80
10/08/97, 5262.10, 5262.10, 5262.10, 5262.10
10/07/97, 5305.60, 5305.60, 5305.60, 5305.60
10/06/97, 5300.00, 5300.00, 5300.00, 5300.00
10/03/97, 5330.80, 5330.80, 5330.80, 5330.80
10/02/97, 5296.10, 5296.10, 5296.10, 5296.10
10/01/97, 5317.10, 5317.10, 5317.10, 5317.10
09/30/97, 5244.20, 5244.20, 5244.20, 5244.20
09/29/97, 5220.30, 5220.30, 5220.30, 5220.30
09/26/97, 5226.30, 5226.30, 5226.30, 5226.30
09/25/97, 5065.50, 5065.50, 5065.50, 5065.50
09/24/97, 5077.20, 5077.20, 5077.20, 5077.20
09/23/97, 5027.50, 5027.50, 5027.50, 5027.50
09/22/97, 5075.70, 5075.70, 5075.70, 5075.70
09/19/97, 5023.80, 5023.80, 5023.80, 5023.80
09/18/97, 5046.20, 5046.20, 5046.20, 5046.20
09/17/97, 5013.10, 5013.10, 5013.10, 5013.10
09/16/97, 4976.40, 4976.40, 4976.40, 4976.40
09/15/97, 4902.90, 4902.90, 4902.90, 4902.90
09/12/97, 4848.20, 4848.20, 4848.20, 4848.20
09/11/97, 4854.80, 4854.80, 4854.80, 4854.80
09/10/97, 4905.20, 4905.20, 4905.20, 4905.20
09/09/97, 4950.50, 4950.50, 4950.50, 4950.50
09/08/97, 4985.20, 4985.20, 4985.20, 4985.20
09/05/97, 4994.20, 4994.20, 4994.20, 4994.20
09/04/97, 4991.30, 4991.30, 4991.30, 4991.30
09/03/97, 4976.90, 4976.90, 4976.90, 4976.90
09/02/97, 4952.20, 4952.20, 4952.20, 4952.20
09/01/97, 4870.20, 4870.20, 4870.20, 4870.20
08/29/97, 4817.50, 4817.50, 4817.50, 4817.50
08/28/97, 4845.40, 4845.40, 4845.40, 4845.40
08/27/97, 4906.90, 4906.90, 4906.90, 4906.90
08/26/97, 4886.30, 4886.30, 4886.30, 4886.30
08/22/97, 4901.10, 4901.10, 4901.10, 4901.10
08/21/97, 4978.00, 4978.00, 4978.00, 4978.00
08/20/97, 4958.40, 4958.40, 4958.40, 4958.40
08/19/97, 4914.20, 4914.20, 4914.20, 4914.20
08/18/97, 4835.00, 4835.00, 4835.00, 4835.00
08/15/97, 4865.80, 4865.80, 4865.80, 4865.80
08/14/97, 4991.30, 4991.30, 4991.30, 4991.30
08/13/97, 5003.60, 5003.60, 5003.60, 5003.60
08/12/97, 5075.80, 5075.80, 5075.80, 5075.80
08/11/97, 5031.90, 5031.90, 5031.90, 5031.90
08/08/97, 5031.30, 5031.30, 5031.30, 5031.30
08/07/97, 5086.80, 5086.80, 5086.80, 5086.80
08/06/97, 5026.20, 5026.20, 5026.20, 5026.20
08/05/97, 4960.60, 4960.60, 4960.60, 4960.60
08/04/97, 4895.70, 4895.70, 4895.70, 4895.70
08/01/97, 4899.30, 4899.30, 4899.30, 4899.30
07/31/97, 4907.50, 4907.50, 4907.50, 4907.50
07/30/97, 4927.30, 4927.30, 4927.30, 4927.30
07/29/97, 4876.60, 4876.60, 4876.60, 4876.60
07/28/97, 4862.60, 4862.60, 4862.60, 4862.60
07/25/97, 4851.50, 4851.50, 4851.50, 4851.50
07/24/97, 4862.90, 4862.90, 4862.90, 4862.90
07/23/97, 4874.50, 4874.50, 4874.50, 4874.50
07/22/97, 4846.70, 4846.70, 4846.70, 4846.70
07/21/97, 4805.70, 4805.70, 4805.70, 4805.70
07/18/97, 4877.20, 4877.20, 4877.20, 4877.20
07/17/97, 4949.00, 4949.00, 4949.00, 4949.00
07/16/97, 4964.20, 4964.20, 4964.20, 4964.20
07/15/97, 4899.30, 4899.30, 4899.30, 4899.30
07/14/97, 4857.40, 4857.40, 4857.40, 4857.40
07/11/97, 4799.50, 4799.50, 4799.50, 4799.50
07/10/97, 4767.80, 4767.80, 4767.80, 4767.80
07/09/97, 4762.40, 4762.40, 4762.40, 4762.40
07/08/97, 4758.50, 4758.50, 4758.50, 4758.50
07/07/97, 4810.70, 4810.70, 4810.70, 4810.70
07/04/97, 4812.80, 4812.80, 4812.80, 4812.80
07/03/97, 4831.70, 4831.70, 4831.70, 4831.70
07/02/97, 4751.40, 4751.40, 4751.40, 4751.40
07/01/97, 4728.30, 4728.30, 4728.30, 4728.30
06/30/97, 4604.60, 4604.60, 4604.60, 4604.60
06/27/97, 4640.30, 4640.30, 4640.30, 4640.30
06/26/97, 4657.90, 4657.90, 4657.90, 4657.90
06/25/97, 4640.00, 4640.00, 4640.00, 4640.00
06/24/97, 4596.30, 4596.30, 4596.30, 4596.30
06/23/97, 4575.80, 4575.80, 4575.80, 4575.80
06/20/97, 4593.90, 4593.90, 4593.90, 4593.90
06/19/97, 4653.70, 4653.70, 4653.70, 4653.70
06/18/97, 4657.00, 4657.00, 4657.00, 4657.00
06/17/97, 4682.20, 4682.20, 4682.20, 4682.20
06/16/97, 4745.10, 4745.10, 4745.10, 4745.10
06/13/97, 4783.10, 4783.10, 4783.10, 4783.10
06/12/97, 4757.40, 4757.40, 4757.40, 4757.40
06/11/97, 4724.80, 4724.80, 4724.80, 4724.80
06/10/97, 4739.60, 4739.60, 4739.60, 4739.60
06/09/97, 4686.70, 4686.70, 4686.70, 4686.70
06/06/97, 4645.00, 4645.00, 4645.00, 4645.00
06/05/97, 4576.20, 4576.20, 4576.20, 4576.20
06/04/97, 4557.10, 4557.10, 4557.10, 4557.10
06/03/97, 4557.80, 4557.80, 4557.80, 4557.80
06/02/97, 4562.80, 4562.80, 4562.80, 4562.80
05/30/97, 4621.30, 4621.30, 4621.30, 4621.30
05/29/97, 4672.30, 4672.30, 4672.30, 4672.30
05/28/97, 4677.50, 4677.50, 4677.50, 4677.50
05/27/97, 4681.60, 4681.60, 4681.60, 4681.60
05/23/97, 4661.80, 4661.80, 4661.80, 4661.80
05/22/97, 4651.80, 4651.80, 4651.80, 4651.80
05/21/97, 4642.00, 4642.00, 4642.00, 4642.00
05/20/97, 4607.50, 4607.50, 4607.50, 4607.50
05/19/97, 4645.20, 4645.20, 4645.20, 4645.20
05/16/97, 4693.90, 4693.90, 4693.90, 4693.90
05/15/97, 4681.20, 4681.20, 4681.20, 4681.20
05/14/97, 4686.90, 4686.90, 4686.90, 4686.90
05/13/97, 4691.00, 4691.00, 4691.00, 4691.00
05/12/97, 4669.60, 4669.60, 4669.60, 4669.60
05/09/97, 4630.90, 4630.90, 4630.90, 4630.90
05/08/97, 4580.40, 4580.40, 4580.40, 4580.40
05/07/97, 4537.50, 4537.50, 4537.50, 4537.50
05/06/97, 4519.30, 4519.30, 4519.30, 4519.30
05/02/97, 4455.60, 4455.60, 4455.60, 4455.60
05/01/97, 4445.00, 4445.00, 4445.00, 4445.00
04/30/97, 4436.00, 4436.00, 4436.00, 4436.00
04/29/97, 4433.20, 4433.20, 4433.20, 4433.20
04/28/97, 4389.70, 4389.70, 4389.70, 4389.70
04/25/97, 4369.70, 4369.70, 4369.70, 4369.70
04/24/97, 4388.50, 4388.50, 4388.50, 4388.50
04/23/97, 4387.70, 4387.70, 4387.70, 4387.70
04/22/97, 4346.10, 4346.10, 4346.10, 4346.10
04/21/97, 4328.70, 4328.70, 4328.70, 4328.70
04/18/97, 4310.50, 4310.50, 4310.50, 4310.50
04/17/97, 4298.90, 4298.90, 4298.90, 4298.90
04/16/97, 4294.60, 4294.60, 4294.60, 4294.60
04/15/97, 4286.80, 4286.80, 4286.80, 4286.80
04/14/97, 4251.70, 4251.70, 4251.70, 4251.70
04/11/97, 4270.70, 4270.70, 4270.70, 4270.70
04/10/97, 4313.20, 4313.20, 4313.20, 4313.20
04/09/97, 4292.30, 4292.30, 4292.30, 4292.30
04/08/97, 4269.30, 4269.30, 4269.30, 4269.30
04/07/97, 4271.70, 4271.70, 4271.70, 4271.70
04/04/97, 4236.60, 4236.60, 4236.60, 4236.60
04/03/97, 4214.60, 4214.60, 4214.60, 4214.60
04/02/97, 4236.60, 4236.60, 4236.60, 4236.60
04/01/97, 4248.10, 4248.10, 4248.10, 4248.10
03/27/97, 4312.90, 4312.90, 4312.90, 4312.90
03/26/97, 4301.50, 4301.50, 4301.50, 4301.50
03/25/97, 4270.70, 4270.70, 4270.70, 4270.70
03/24/97, 4214.80, 4214.80, 4214.80, 4214.80
03/21/97, 4254.80, 4254.80, 4254.80, 4254.80
03/20/97, 4258.10, 4258.10, 4258.10, 4258.10
03/19/97, 4332.20, 4332.20, 4332.20, 4332.20
03/18/97, 4356.80, 4356.80, 4356.80, 4356.80
03/17/97, 4373.30, 4373.30, 4373.30, 4373.30
03/14/97, 4424.30, 4424.30, 4424.30, 4424.30
03/13/97, 4397.70, 4397.70, 4397.70, 4397.70
03/12/97, 4422.50, 4422.50, 4422.50, 4422.50
03/11/97, 4444.30, 4444.30, 4444.30, 4444.30
03/10/97, 4437.40, 4437.40, 4437.40, 4437.40
03/07/97, 4420.30, 4420.30, 4420.30, 4420.30
03/06/97, 4399.30, 4399.30, 4399.30, 4399.30
03/05/97, 4360.10, 4360.10, 4360.10, 4360.10
03/04/97, 4357.70, 4357.70, 4357.70, 4357.70
03/03/97, 4307.10, 4307.10, 4307.10, 4307.10
02/28/97, 4308.30, 4308.30, 4308.30, 4308.30
02/27/97, 4339.20, 4339.20, 4339.20, 4339.20
02/26/97, 4329.30, 4329.30, 4329.30, 4329.30
02/25/97, 4344.70, 4344.70, 4344.70, 4344.70
02/24/97, 4331.10, 4331.10, 4331.10, 4331.10
02/21/97, 4336.80, 4336.80, 4336.80, 4336.80
02/20/97, 4356.10, 4356.10, 4356.10, 4356.10
02/19/97, 4357.40, 4357.40, 4357.40, 4357.40
02/18/97, 4332.30, 4332.30, 4332.30, 4332.30
02/17/97, 4337.80, 4337.80, 4337.80, 4337.80
02/14/97, 4341.00, 4341.00, 4341.00, 4341.00
02/13/97, 4327.10, 4327.10, 4327.10, 4327.10
02/12/97, 4304.30, 4304.30, 4304.30, 4304.30
02/11/97, 4304.30, 4304.30, 4304.30, 4304.30
02/10/97, 4307.70, 4307.70, 4307.70, 4307.70
02/07/97, 4307.80, 4307.80, 4307.80, 4307.80
02/06/97, 4265.90, 4265.90, 4265.90, 4265.90
02/05/97, 4281.50, 4281.50, 4281.50, 4281.50
02/04/97, 4260.90, 4260.90, 4260.90, 4260.90
02/03/97, 4257.80, 4257.80, 4257.80, 4257.80
01/31/97, 4275.80, 4275.80, 4275.80, 4275.80
01/30/97, 4228.40, 4228.40, 4228.40, 4228.40
01/29/97, 4207.50, 4207.50, 4207.50, 4207.50
01/28/97, 4237.40, 4237.40, 4237.40, 4237.40
01/27/97, 4212.00, 4212.00, 4212.00, 4212.00
01/24/97, 4218.80, 4218.80, 4218.80, 4218.80
01/23/97, 4271.50, 4271.50, 4271.50, 4271.50
01/22/97, 4219.10, 4219.10, 4219.10, 4219.10
01/21/97, 4195.50, 4195.50, 4195.50, 4195.50
01/20/97, 4194.00, 4194.00, 4194.00, 4194.00
01/17/97, 4207.70, 4207.70, 4207.70, 4207.70
01/16/97, 4197.50, 4197.50, 4197.50, 4197.50
01/15/97, 4158.90, 4158.90, 4158.90, 4158.90
01/14/97, 4168.20, 4168.20, 4168.20, 4168.20
01/13/97, 4107.30, 4107.30, 4107.30, 4107.30
01/10/97, 4056.60, 4056.60, 4056.60, 4056.60
01/09/97, 4087.00, 4087.00, 4087.00, 4087.00
01/08/97, 4087.50, 4087.50, 4087.50, 4087.50
01/07/97, 4078.80, 4078.80, 4078.80, 4078.80
01/06/97, 4106.50, 4106.50, 4106.50, 4106.50
01/03/97, 4089.50, 4089.50, 4089.50, 4089.50
01/02/97, 4057.40, 4057.40, 4057.40, 4057.40
12/31/96, 4118.50, 4118.50, 4118.50, 4118.50
12/30/96, 4115.70, 4115.70, 4115.70, 4115.70
12/27/96, 4091.00, 4091.00, 4091.00, 4091.00
12/24/96, 4092.50, 4092.50, 4092.50, 4092.50
12/23/96, 4087.20, 4087.20, 4087.20, 4087.20
12/20/96, 4077.60, 4077.60, 4077.60, 4077.60
12/19/96, 4051.30, 4051.30, 4051.30, 4051.30
12/18/96, 4018.20, 4018.20, 4018.20, 4018.20
12/17/96, 3979.60, 3979.60, 3979.60, 3979.60
12/16/96, 3993.80, 3993.80, 3993.80, 3993.80
12/13/96, 3972.40, 3972.40, 3972.40, 3972.40
12/12/96, 3990.70, 3990.70, 3990.70, 3990.70
12/11/96, 3982.50, 3982.50, 3982.50, 3982.50
12/10/96, 4035.70, 4035.70, 4035.70, 4035.70
12/09/96, 4011.60, 4011.60, 4011.60, 4011.60
12/06/96, 3963.00, 3963.00, 3963.00, 3963.00
12/05/96, 4051.20, 4051.20, 4051.20, 4051.20
12/04/96, 4045.20, 4045.20, 4045.20, 4045.20
12/03/96, 4061.50, 4061.50, 4061.50, 4061.50
12/02/96, 4038.50, 4038.50, 4038.50, 4038.50
11/29/96, 4058.00, 4058.00, 4058.00, 4058.00
11/28/96, 4050.20, 4050.20, 4050.20, 4050.20
11/27/96, 4049.20, 4049.20, 4049.20, 4049.20
11/26/96, 4068.40, 4068.40, 4068.40, 4068.40
11/25/96, 4054.60, 4054.60, 4054.60, 4054.60
11/22/96, 4018.70, 4018.70, 4018.70, 4018.70
11/21/96, 3953.80, 3953.80, 3953.80, 3953.80
11/20/96, 3962.80, 3962.80, 3962.80, 3962.80
11/19/96, 3978.10, 3978.10, 3978.10, 3978.10
11/18/96, 3962.10, 3962.10, 3962.10, 3962.10
11/15/96, 3958.20, 3958.20, 3958.20, 3958.20
11/14/96, 3926.10, 3926.10, 3926.10, 3926.10
11/13/96, 3926.90, 3926.90, 3926.90, 3926.90
11/12/96, 3934.30, 3934.30, 3934.30, 3934.30
11/11/96, 3914.40, 3914.40, 3914.40, 3914.40
11/08/96, 3910.80, 3910.80, 3910.80, 3910.80
11/07/96, 3900.40, 3900.40, 3900.40, 3900.40
11/06/96, 3935.70, 3935.70, 3935.70, 3935.70
11/05/96, 3921.10, 3921.10, 3921.10, 3921.10
11/04/96, 3928.10, 3928.10, 3928.10, 3928.10
11/01/96, 3948.50, 3948.50, 3948.50, 3948.50
10/31/96, 3979.10, 3979.10, 3979.10, 3979.10
10/30/96, 3963.90, 3963.90, 3963.90, 3963.90
10/29/96, 3993.50, 3993.50, 3993.50, 3993.50
10/28/96, 4025.30, 4025.30, 4025.30, 4025.30
10/25/96, 4022.40, 4022.40, 4022.40, 4022.40
10/24/96, 3999.40, 3999.40, 3999.40, 3999.40
10/23/96, 4028.40, 4028.40, 4028.40, 4028.40
10/22/96, 4057.20, 4057.20, 4057.20, 4057.20
10/21/96, 4073.10, 4073.10, 4073.10, 4073.10
10/18/96, 4053.10, 4053.10, 4053.10, 4053.10
10/17/96, 4042.10, 4042.10, 4042.10, 4042.10
10/16/96, 4024.40, 4024.40, 4024.40, 4024.40
10/15/96, 4050.80, 4050.80, 4050.80, 4050.80
10/14/96, 4038.70, 4038.70, 4038.70, 4038.70
10/11/96, 4028.10, 4028.10, 4028.10, 4028.10
10/10/96, 3994.70, 3994.70, 3994.70, 3994.70
10/09/96, 4009.30, 4009.30, 4009.30, 4009.30
10/08/96, 4035.60, 4035.60, 4035.60, 4035.60
10/07/96, 4031.50, 4031.50, 4031.50, 4031.50
10/04/96, 4024.80, 4024.80, 4024.80, 4024.80
10/03/96, 4000.00, 4000.00, 4000.00, 4000.00
10/02/96, 4015.10, 4015.10, 4015.10, 4015.10
10/01/96, 3992.20, 3992.20, 3992.20, 3992.20
09/30/96, 3953.70, 3953.70, 3953.70, 3953.70
09/27/96, 3946.40, 3946.40, 3946.40, 3946.40
09/26/96, 3933.20, 3933.20, 3933.20, 3933.20
09/25/96, 3935.70, 3935.70, 3935.70, 3935.70
09/24/96, 3910.50, 3910.50, 3910.50, 3910.50
09/23/96, 3919.70, 3919.70, 3919.70, 3919.70
09/20/96, 3964.10, 3964.10, 3964.10, 3964.10
09/19/96, 3974.30, 3974.30, 3974.30, 3974.30
09/18/96, 3955.70, 3955.70, 3955.70, 3955.70
09/17/96, 3972.30, 3972.30, 3972.30, 3972.30
09/16/96, 3977.20, 3977.20, 3977.20, 3977.20
09/13/96, 3967.90, 3967.90, 3967.90, 3967.90
09/12/96, 3932.60, 3932.60, 3932.60, 3932.60
09/11/96, 3905.60, 3905.60, 3905.60, 3905.60
09/10/96, 3916.10, 3916.10, 3916.10, 3916.10
09/09/96, 3910.80, 3910.80, 3910.80, 3910.80
09/06/96, 3893.00, 3893.00, 3893.00, 3893.00
09/05/96, 3887.20, 3887.20, 3887.20, 3887.20
09/04/96, 3872.70, 3872.70, 3872.70, 3872.70
09/03/96, 3855.90, 3855.90, 3855.90, 3855.90
09/02/96, 3884.40, 3884.40, 3884.40, 3884.40
08/30/96, 3867.60, 3867.60, 3867.60, 3867.60
08/29/96, 3885.00, 3885.00, 3885.00, 3885.00
08/28/96, 3918.70, 3918.70, 3918.70, 3918.70
08/27/96, 3905.70, 3905.70, 3905.70, 3905.70
08/23/96, 3907.50, 3907.50, 3907.50, 3907.50
08/22/96, 3891.10, 3891.10, 3891.10, 3891.10
08/21/96, 3872.10, 3872.10, 3872.10, 3872.10
08/20/96, 3883.20, 3883.20, 3883.20, 3883.20
08/19/96, 3863.70, 3863.70, 3863.70, 3863.70
08/16/96, 3872.90, 3872.90, 3872.90, 3872.90
08/15/96, 3837.40, 3837.40, 3837.40, 3837.40
08/14/96, 3830.30, 3830.30, 3830.30, 3830.30
08/13/96, 3823.40, 3823.40, 3823.40, 3823.40
08/12/96, 3803.30, 3803.30, 3803.30, 3803.30
08/09/96, 3810.70, 3810.70, 3810.70, 3810.70
08/08/96, 3811.40, 3811.40, 3811.40, 3811.40
08/07/96, 3811.10, 3811.10, 3811.10, 3811.10
08/06/96, 3788.40, 3788.40, 3788.40, 3788.40
08/05/96, 3788.30, 3788.30, 3788.30, 3788.30
08/02/96, 3770.60, 3770.60, 3770.60, 3770.60
08/01/96, 3734.40, 3734.40, 3734.40, 3734.40
07/31/96, 3703.20, 3703.20, 3703.20, 3703.20
07/30/96, 3668.50, 3668.50, 3668.50, 3668.50
07/29/96, 3678.80, 3678.80, 3678.80, 3678.80
07/26/96, 3673.30, 3673.30, 3673.30, 3673.30
07/25/96, 3684.70, 3684.70, 3684.70, 3684.70
07/24/96, 3668.80, 3668.80, 3668.80, 3668.80
07/23/96, 3708.40, 3708.40, 3708.40, 3708.40
07/22/96, 3681.30, 3681.30, 3681.30, 3681.30
07/19/96, 3710.50, 3710.50, 3710.50, 3710.50
07/18/96, 3693.40, 3693.40, 3693.40, 3693.40
07/17/96, 3658.20, 3658.20, 3658.20, 3658.20
07/16/96, 3632.30, 3632.30, 3632.30, 3632.30
07/15/96, 3698.30, 3698.30, 3698.30, 3698.30
07/12/96, 3728.30, 3728.30, 3728.30, 3728.30
07/11/96, 3749.00, 3749.00, 3749.00, 3749.00
07/10/96, 3765.80, 3765.80, 3765.80, 3765.80
07/09/96, 3752.30, 3752.30, 3752.30, 3752.30
07/08/96, 3741.50, 3741.50, 3741.50, 3741.50
07/05/96, 3743.20, 3743.20, 3743.20, 3743.20
07/04/96, 3760.60, 3760.60, 3760.60, 3760.60
07/03/96, 3714.10, 3714.10, 3714.10, 3714.10
07/02/96, 3725.70, 3725.70, 3725.70, 3725.70
07/01/96, 3725.60, 3725.60, 3725.60, 3725.60
06/28/96, 3711.00, 3711.00, 3711.00, 3711.00
06/27/96, 3678.80, 3678.80, 3678.80, 3678.80
06/26/96, 3695.50, 3695.50, 3695.50, 3695.50
06/25/96, 3679.50, 3679.50, 3679.50, 3679.50
06/24/96, 3710.80, 3710.80, 3710.80, 3710.80
06/21/96, 3722.30, 3722.30, 3722.30, 3722.30
06/20/96, 3727.50, 3727.50, 3727.50, 3727.50
06/19/96, 3753.20, 3753.20, 3753.20, 3753.20
06/18/96, 3756.40, 3756.40, 3756.40, 3756.40
06/17/96, 3761.50, 3761.50, 3761.50, 3761.50
06/14/96, 3753.60, 3753.60, 3753.60, 3753.60
06/13/96, 3761.70, 3761.70, 3761.70, 3761.70
06/12/96, 3769.20, 3769.20, 3769.20, 3769.20
06/11/96, 3755.70, 3755.70, 3755.70, 3755.70
06/10/96, 3728.80, 3728.80, 3728.80, 3728.80
06/07/96, 3706.80, 3706.80, 3706.80, 3706.80
06/06/96, 3760.30, 3760.30, 3760.30, 3760.30
06/05/96, 3753.40, 3753.40, 3753.40, 3753.40
06/04/96, 3755.20, 3755.20, 3755.20, 3755.20
06/03/96, 3739.20, 3739.20, 3739.20, 3739.20
05/31/96, 3747.80, 3747.80, 3747.80, 3747.80
05/30/96, 3746.70, 3746.70, 3746.70, 3746.70
05/29/96, 3775.70, 3775.70, 3775.70, 3775.70
05/28/96, 3760.20, 3760.20, 3760.20, 3760.20
05/24/96, 3752.10, 3752.10, 3752.10, 3752.10
05/23/96, 3747.00, 3747.00, 3747.00, 3747.00
05/22/96, 3764.20, 3764.20, 3764.20, 3764.20
05/21/96, 3789.40, 3789.40, 3789.40, 3789.40
05/20/96, 3778.20, 3778.20, 3778.20, 3778.20
05/17/96, 3789.60, 3789.60, 3789.60, 3789.60
05/16/96, 3753.60, 3753.60, 3753.60, 3753.60
05/15/96, 3776.20, 3776.20, 3776.20, 3776.20
05/14/96, 3759.70, 3759.70, 3759.70, 3759.70
05/13/96, 3739.20, 3739.20, 3739.20, 3739.20
05/10/96, 3754.40, 3754.40, 3754.40, 3754.40
05/09/96, 3728.30, 3728.30, 3728.30, 3728.30
05/08/96, 3707.30, 3707.30, 3707.30, 3707.30
05/07/96, 3723.00, 3723.00, 3723.00, 3723.00
05/03/96, 3751.60, 3751.60, 3751.60, 3751.60
05/02/96, 3776.40, 3776.40, 3776.40, 3776.40
05/01/96, 3806.00, 3806.00, 3806.00, 3806.00
04/30/96, 3817.90, 3817.90, 3817.90, 3817.90
04/29/96, 3809.20, 3809.20, 3809.20, 3809.20
04/26/96, 3832.80, 3832.80, 3832.80, 3832.80
04/25/96, 3819.30, 3819.30, 3819.30, 3819.30
04/24/96, 3817.60, 3817.60, 3817.60, 3817.60
04/23/96, 3833.00, 3833.00, 3833.00, 3833.00
04/22/96, 3852.70, 3852.70, 3852.70, 3852.70
04/19/96, 3857.10, 3857.10, 3857.10, 3857.10
04/18/96, 3820.70, 3820.70, 3820.70, 3820.70
04/17/96, 3805.60, 3805.60, 3805.60, 3805.60
04/16/96, 3825.30, 3825.30, 3825.30, 3825.30
04/15/96, 3790.50, 3790.50, 3790.50, 3790.50
04/12/96, 3766.80, 3766.80, 3766.80, 3766.80
04/11/96, 3744.20, 3744.20, 3744.20, 3744.20
04/10/96, 3767.40, 3767.40, 3767.40, 3767.40
04/09/96, 3758.60, 3758.60, 3758.60, 3758.60
04/04/96, 3755.60, 3755.60, 3755.60, 3755.60
04/03/96, 3725.10, 3725.10, 3725.10, 3725.10
04/02/96, 3728.50, 3728.50, 3728.50, 3728.50
04/01/96, 3718.40, 3718.40, 3718.40, 3718.40
03/29/96, 3699.70, 3699.70, 3699.70, 3699.70
03/28/96, 3672.60, 3672.60, 3672.60, 3672.60
03/27/96, 3672.40, 3672.40, 3672.40, 3672.40
03/26/96, 3660.90, 3660.90, 3660.90, 3660.90
03/25/96, 3681.90, 3681.90, 3681.90, 3681.90
03/22/96, 3707.00, 3707.00, 3707.00, 3707.00
03/21/96, 3698.30, 3698.30, 3698.30, 3698.30
03/20/96, 3685.40, 3685.40, 3685.40, 3685.40
03/19/96, 3693.00, 3693.00, 3693.00, 3693.00
03/18/96, 3669.60, 3669.60, 3669.60, 3669.60
03/15/96, 3644.80, 3644.80, 3644.80, 3644.80
03/14/96, 3681.80, 3681.83, 3681.83, 3681.80
03/13/96, 3640.30, 3640.33, 3640.33, 3640.30
03/12/96, 3639.50, 3639.52, 3639.52, 3639.50
03/11/96, 3674.50, 3674.50, 3674.50, 3674.50
03/08/96, 3710.30, 3710.30, 3710.30, 3710.30
03/07/96, 3758.20, 3758.20, 3758.20, 3758.20
03/06/96, 3758.90, 3758.90, 3758.90, 3758.90
03/05/96, 3777.10, 3777.10, 3777.10, 3777.10
03/04/96, 3768.60, 3768.60, 3768.60, 3768.60
03/01/96, 3752.70, 3752.70, 3752.70, 3752.70
02/29/96, 3727.60, 3727.60, 3727.60, 3727.60
02/28/96, 3738.20, 3738.20, 3738.20, 3738.20
02/27/96, 3715.90, 3715.90, 3715.90, 3715.90
02/26/96, 3704.20, 3704.20, 3704.20, 3704.20
02/23/96, 3740.30, 3740.30, 3740.30, 3740.30
02/22/96, 3740.00, 3740.02, 3740.02, 3740.00
02/21/96, 3725.60, 3725.60, 3725.60, 3725.60
02/20/96, 3714.60, 3714.60, 3714.60, 3714.60
02/19/96, 3744.30, 3744.27, 3744.27, 3744.30
02/16/96, 3770.90, 3770.90, 3770.90, 3770.90
02/15/96, 3779.80, 3779.80, 3779.80, 3779.80
02/14/96, 3745.00, 3744.99, 3744.99, 3745.00
02/13/96, 3747.60, 3747.60, 3747.60, 3747.60
02/12/96, 3726.60, 3726.60, 3726.60, 3726.60
02/09/96, 3716.30, 3716.30, 3716.30, 3716.30
02/08/96, 3708.40, 3708.40, 3708.40, 3708.40
02/07/96, 3726.10, 3726.09, 3726.09, 3726.10
02/06/96, 3747.50, 3747.55, 3747.55, 3747.50
02/05/96, 3746.60, 3746.60, 3746.60, 3746.60
02/02/96, 3781.30, 3781.30, 3781.30, 3781.30
02/01/96, 3752.80, 3752.80, 3752.80, 3752.80
01/31/96, 3759.30, 3759.30, 3759.30, 3759.30
01/30/96, 3735.30, 3735.30, 3735.30, 3735.30
01/29/96, 3734.60, 3734.63, 3734.63, 3734.60
01/26/96, 3734.70, 3734.70, 3734.70, 3734.70
01/25/96, 3734.20, 3734.20, 3734.20, 3734.20
01/24/96, 3758.20, 3758.20, 3758.20, 3758.20
01/23/96, 3735.00, 3734.95, 3734.95, 3735.00
01/22/96, 3754.20, 3754.20, 3754.20, 3754.20
01/19/96, 3748.40, 3748.45, 3748.45, 3748.40
01/18/96, 3748.70, 3748.66, 3748.66, 3748.70
01/17/96, 3704.20, 3704.21, 3704.21, 3704.20
01/16/96, 3710.60, 3710.60, 3710.60, 3710.60
01/15/96, 3662.70, 3662.70, 3662.70, 3662.70
01/12/96, 3657.30, 3657.30, 3657.30, 3657.30
01/11/96, 3654.90, 3654.90, 3654.90, 3654.90
01/10/96, 3671.50, 3671.45, 3671.45, 3671.50
01/09/96, 3700.30, 3700.30, 3700.30, 3700.30
01/08/96, 3720.60, 3720.64, 3720.64, 3720.60
01/05/96, 3704.50, 3704.50, 3704.50, 3704.50
01/04/96, 3714.10, 3714.10, 3714.10, 3714.10
01/03/96, 3715.60, 3715.60, 3715.60, 3715.60
01/02/96, 3687.90, 3687.90, 3687.90, 3687.90
12/29/95, 3689.30, 3689.30, 3689.30, 3689.30
12/28/95, 3676.70, 3676.70, 3676.70, 3676.70
12/27/95, 3676.40, 3676.40, 3676.40, 3676.40
12/22/95, 3658.30, 3658.34, 3658.34, 3658.30
12/21/95, 3633.30, 3633.30, 3633.30, 3633.30
12/20/95, 3613.70, 3613.69, 3613.69, 3613.70
12/19/95, 3576.90, 3576.90, 3576.90, 3576.90
12/18/95, 3596.10, 3596.07, 3596.07, 3596.10
12/15/95, 3642.60, 3642.60, 3642.60, 3642.60
12/14/95, 3671.60, 3671.60, 3671.60, 3671.60
12/13/95, 3662.40, 3662.40, 3662.40, 3662.40
12/12/95, 3654.90, 3654.90, 3654.90, 3654.90
12/11/95, 3652.10, 3652.10, 3652.10, 3652.10
12/08/95, 3630.00, 3630.00, 3630.00, 3630.00
12/07/95, 3639.50, 3639.49, 3639.49, 3639.50
12/06/95, 3662.80, 3662.77, 3662.77, 3662.80
12/05/95, 3664.20, 3664.25, 3664.25, 3664.20
12/04/95, 3669.70, 3669.70, 3669.70, 3669.70
12/01/95, 3680.40, 3680.41, 3680.41, 3680.40
11/30/95, 3664.30, 3664.32, 3664.32, 3664.30
11/29/95, 3655.50, 3655.52, 3655.52, 3655.50
11/28/95, 3648.80, 3648.85, 3648.85, 3648.80
11/27/95, 3649.00, 3648.99, 3648.99, 3649.00
11/24/95, 3624.00, 3624.00, 3624.00, 3624.00
11/23/95, 3602.50, 3602.50, 3602.50, 3602.50
11/22/95, 3632.40, 3632.40, 3632.40, 3632.40
11/21/95, 3604.10, 3604.07, 3604.07, 3604.10
11/20/95, 3628.80, 3628.76, 3628.76, 3628.80
11/17/95, 3609.20, 3609.18, 3609.18, 3609.20
11/16/95, 3610.80, 3610.80, 3610.80, 3610.80
11/15/95, 3571.40, 3571.43, 3571.43, 3571.40
11/14/95, 3547.90, 3547.94, 3547.94, 3547.90
11/13/95, 3536.80, 3536.82, 3536.82, 3536.80
11/10/95, 3523.40, 3523.42, 3523.42, 3523.40
11/09/95, 3541.60, 3541.64, 3541.64, 3541.60
11/08/95, 3537.10, 3537.10, 3537.10, 3537.10
11/07/95, 3522.40, 3522.40, 3522.40, 3522.40
11/06/95, 3514.80, 3514.84, 3514.84, 3514.80
11/03/95, 3500.40, 3500.40, 3500.40, 3500.40
11/02/95, 3523.00, 3523.00, 3523.00, 3523.00
11/01/95, 3518.70, 3518.70, 3518.70, 3518.70
10/31/95, 3529.10, 3529.10, 3529.10, 3529.10
10/30/95, 3510.00, 3510.00, 3510.00, 3510.00
10/27/95, 3497.90, 3497.90, 3497.90, 3497.90
10/26/95, 3519.60, 3519.60, 3519.60, 3519.60
10/25/95, 3537.80, 3537.80, 3537.80, 3537.80
10/24/95, 3535.30, 3535.30, 3535.30, 3535.30
10/23/95, 3531.50, 3531.50, 3531.50, 3531.50
10/20/95, 3551.40, 3551.40, 3551.40, 3551.40
10/19/95, 3578.60, 3578.60, 3578.60, 3578.60
10/18/95, 3593.00, 3593.00, 3593.00, 3593.00
10/17/95, 3562.20, 3562.18, 3562.18, 3562.20
10/16/95, 3557.30, 3557.26, 3557.26, 3557.30
10/13/95, 3568.00, 3568.00, 3568.00, 3568.00
10/12/95, 3523.80, 3523.80, 3523.80, 3523.80
10/11/95, 3474.30, 3474.30, 3474.30, 3474.30
10/10/95, 3460.10, 3460.10, 3460.10, 3460.10
10/09/95, 3510.30, 3510.30, 3510.30, 3510.30
10/06/95, 3526.50, 3526.50, 3526.50, 3526.50
10/05/95, 3544.40, 3544.40, 3544.40, 3544.40
10/04/95, 3544.10, 3544.10, 3544.10, 3544.10
10/03/95, 3524.20, 3524.20, 3524.20, 3524.20
10/02/95, 3520.20, 3520.20, 3520.20, 3520.20
09/29/95, 3508.20, 3508.25, 3508.25, 3508.20
09/28/95, 3479.00, 3478.95, 3478.95, 3479.00
09/27/95, 3485.00, 3484.96, 3484.96, 3485.00
09/26/95, 3523.30, 3523.30, 3523.30, 3523.30
09/25/95, 3507.00, 3506.98, 3506.98, 3507.00
09/22/95, 3514.80, 3514.80, 3514.80, 3514.80
09/21/95, 3557.90, 3557.90, 3557.90, 3557.90
09/20/95, 3561.50, 3561.50, 3561.50, 3561.50
09/19/95, 3541.40, 3541.40, 3541.40, 3541.40
09/18/95, 3533.30, 3533.30, 3533.30, 3533.30
09/15/95, 3564.60, 3564.58, 3564.58, 3564.60
09/14/95, 3565.40, 3565.40, 3565.40, 3565.40
09/13/95, 3570.80, 3570.78, 3570.78, 3570.80
09/12/95, 3535.90, 3535.90, 3535.90, 3535.90
09/11/95, 3549.30, 3549.30, 3549.30, 3549.30
09/08/95, 3554.50, 3554.50, 3554.50, 3554.50
09/07/95, 3545.60, 3545.60, 3545.60, 3545.60
09/06/95, 3557.70, 3557.70, 3557.70, 3557.70
09/05/95, 3532.40, 3532.40, 3532.40, 3532.40
09/04/95, 3522.70, 3522.70, 3522.70, 3522.70
09/01/95, 3509.40, 3509.40, 3509.40, 3509.40
08/31/95, 3477.80, 3477.80, 3477.80, 3477.80
08/30/95, 3504.00, 3504.00, 3504.00, 3504.00
08/29/95, 3502.60, 3502.60, 3502.60, 3502.60
08/25/95, 3524.90, 3524.93, 3524.93, 3524.90
08/24/95, 3520.00, 3519.96, 3519.96, 3520.00
08/23/95, 3515.90, 3515.90, 3515.90, 3515.90
08/22/95, 3530.20, 3530.20, 3530.20, 3530.20
08/21/95, 3535.70, 3535.70, 3535.70, 3535.70
08/18/95, 3509.80, 3509.80, 3509.80, 3509.80
08/17/95, 3470.60, 3470.56, 3470.56, 3470.60
08/16/95, 3465.10, 3465.06, 3465.06, 3465.10
08/15/95, 3444.40, 3444.36, 3444.36, 3444.40
08/14/95, 3441.40, 3441.36, 3441.36, 3441.40
08/11/95, 3467.50, 3467.50, 3467.50, 3467.50
08/10/95, 3474.70, 3474.70, 3474.70, 3474.70
08/09/95, 3468.30, 3468.30, 3468.30, 3468.30
08/08/95, 3468.80, 3468.80, 3468.80, 3468.80
08/07/95, 3483.50, 3483.50, 3483.50, 3483.50
08/04/95, 3482.40, 3482.40, 3482.40, 3482.40
08/03/95, 3475.60, 3475.60, 3475.60, 3475.60
08/02/95, 3499.90, 3499.90, 3499.90, 3499.90
08/01/95, 3449.90, 3449.90, 3449.90, 3449.90
07/31/95, 3463.30, 3463.30, 3463.30, 3463.30
07/28/95, 3468.90, 3468.90, 3468.90, 3468.90
07/27/95, 3458.30, 3458.30, 3458.30, 3458.30
07/26/95, 3454.30, 3454.30, 3454.30, 3454.30
07/25/95, 3432.90, 3432.90, 3432.90, 3432.90
07/24/95, 3431.60, 3431.60, 3431.60, 3431.60
07/21/95, 3413.10, 3413.10, 3413.10, 3413.10
07/20/95, 3400.40, 3400.40, 3400.40, 3400.40
07/19/95, 3405.30, 3405.30, 3405.30, 3405.30
07/18/95, 3420.70, 3420.70, 3420.70, 3420.70
07/17/95, 3442.60, 3442.60, 3442.60, 3442.60
07/14/95, 3429.20, 3429.18, 3429.18, 3429.20
07/13/95, 3447.20, 3447.16, 3447.16, 3447.20
07/12/95, 3450.60, 3450.60, 3450.60, 3450.60
07/11/95, 3464.00, 3464.00, 3464.00, 3464.00
07/10/95, 3455.00, 3455.00, 3455.00, 3455.00
07/07/95, 3462.90, 3462.90, 3462.90, 3462.90
07/06/95, 3388.30, 3388.30, 3388.30, 3388.30
07/05/95, 3394.90, 3394.90, 3394.90, 3394.90
07/04/95, 3349.20, 3349.20, 3349.20, 3349.20
07/03/95, 3323.70, 3323.65, 3323.65, 3323.70
06/30/95, 3314.60, 3314.60, 3314.60, 3314.60
06/29/95, 3294.00, 3294.00, 3294.00, 3294.00
06/28/95, 3282.70, 3282.70, 3282.70, 3282.70
06/27/95, 3313.20, 3313.20, 3313.20, 3313.20
06/26/95, 3309.20, 3309.20, 3309.20, 3309.20
06/23/95, 3379.40, 3379.40, 3379.40, 3379.40
06/22/95, 3403.80, 3403.80, 3403.80, 3403.80
06/21/95, 3378.30, 3378.30, 3378.30, 3378.30
06/20/95, 3377.20, 3377.20, 3377.20, 3377.20
06/19/95, 3381.30, 3381.30, 3381.30, 3381.30
06/16/95, 3366.10, 3366.11, 3366.11, 3366.10
06/15/95, 3370.40, 3370.40, 3370.40, 3370.40
06/14/95, 3339.80, 3339.80, 3339.80, 3339.80
06/13/95, 3348.00, 3347.99, 3347.99, 3348.00
06/12/95, 3344.60, 3344.63, 3344.63, 3344.60
06/09/95, 3337.70, 3337.70, 3337.70, 3337.70
06/08/95, 3380.80, 3380.80, 3380.80, 3380.80
06/07/95, 3370.80, 3370.80, 3370.80, 3370.80
06/06/95, 3380.00, 3380.00, 3380.00, 3380.00
06/05/95, 3376.60, 3376.60, 3376.60, 3376.60
06/02/95, 3345.00, 3345.00, 3345.00, 3345.00
06/01/95, 3340.60, 3340.60, 3340.60, 3340.60
05/31/95, 3319.40, 3319.35, 3319.35, 3319.40
05/30/95, 3309.90, 3309.90, 3309.90, 3309.90
05/26/95, 3311.10, 3311.09, 3311.09, 3311.10
05/25/95, 3328.20, 3328.20, 3328.20, 3328.20
05/24/95, 3327.30, 3327.28, 3327.28, 3327.30
05/23/95, 3291.80, 3291.78, 3291.78, 3291.80
05/22/95, 3284.50, 3284.47, 3284.47, 3284.50
05/19/95, 3261.00, 3261.00, 3261.00, 3261.00
05/18/95, 3285.80, 3285.80, 3285.80, 3285.80
05/17/95, 3297.40, 3297.40, 3297.40, 3297.40
05/16/95, 3300.80, 3300.80, 3300.80, 3300.80
05/15/95, 3310.70, 3310.70, 3310.70, 3310.70
05/12/95, 3310.30, 3310.30, 3310.30, 3310.30
05/11/95, 3317.90, 3317.90, 3317.90, 3317.90
05/10/95, 3290.10, 3290.10, 3290.10, 3290.10
05/09/95, 3261.20, 3261.20, 3261.20, 3261.20
05/05/95, 3251.70, 3251.70, 3251.70, 3251.70
05/04/95, 3264.30, 3264.33, 3264.33, 3264.30
05/03/95, 3262.60, 3262.61, 3262.61, 3262.60
05/02/95, 3248.20, 3248.21, 3248.21, 3248.20
05/01/95, 3220.40, 3220.38, 3220.38, 3220.40
04/28/95, 3216.70, 3216.70, 3216.70, 3216.70
04/27/95, 3217.60, 3217.60, 3217.60, 3217.60
04/26/95, 3226.20, 3226.20, 3226.20, 3226.20
04/25/95, 3214.90, 3214.90, 3214.90, 3214.90
04/24/95, 3209.30, 3209.30, 3209.30, 3209.30
04/21/95, 3199.90, 3199.90, 3199.90, 3199.90
04/20/95, 3174.70, 3174.70, 3174.70, 3174.70
04/19/95, 3170.10, 3170.10, 3170.10, 3170.10
04/18/95, 3194.50, 3194.51, 3194.51, 3194.50
04/13/95, 3208.80, 3208.80, 3208.80, 3208.80
04/12/95, 3209.80, 3209.80, 3209.80, 3209.80
04/11/95, 3190.90, 3190.90, 3190.90, 3190.90
04/10/95, 3204.20, 3204.20, 3204.20, 3204.20
04/07/95, 3210.90, 3210.90, 3210.90, 3210.90
04/06/95, 3200.90, 3200.85, 3200.85, 3200.90
04/05/95, 3190.20, 3190.15, 3190.15, 3190.20
04/04/95, 3188.10, 3188.10, 3188.10, 3188.10
04/03/95, 3143.10, 3143.10, 3143.10, 3143.10
03/31/95, 3137.90, 3137.90, 3137.90, 3137.90
03/30/95, 3176.20, 3176.20, 3176.20, 3176.20
03/29/95, 3142.30, 3142.30, 3142.30, 3142.30
03/28/95, 3128.30, 3128.30, 3128.30, 3128.30
03/27/95, 3149.80, 3149.80, 3149.80, 3149.80
03/24/95, 3153.40, 3153.40, 3153.40, 3153.40
03/23/95, 3136.40, 3136.40, 3136.40, 3136.40
03/22/95, 3139.70, 3139.69, 3139.69, 3139.70
03/21/95, 3135.00, 3134.96, 3134.96, 3135.00
03/20/95, 3124.20, 3124.22, 3124.22, 3124.20
03/17/95, 3089.30, 3089.33, 3089.33, 3089.30
03/16/95, 3094.10, 3094.14, 3094.14, 3094.10
03/15/95, 3047.00, 3047.00, 3047.00, 3047.00
03/14/95, 3050.60, 3050.60, 3050.60, 3050.60
03/13/95, 3011.80, 3011.80, 3011.80, 3011.80
03/10/95, 3021.10, 3021.10, 3021.10, 3021.10
03/09/95, 2986.90, 2986.92, 2986.92, 2986.90
03/08/95, 2992.10, 2992.10, 2992.10, 2992.10
03/07/95, 2977.00, 2976.97, 2976.97, 2977.00
03/06/95, 3001.90, 3001.90, 3001.90, 3001.90
03/03/95, 3025.10, 3025.10, 3025.10, 3025.10
03/02/95, 3038.20, 3038.20, 3038.20, 3038.20
03/01/95, 3041.20, 3041.20, 3041.20, 3041.20
02/28/95, 3009.30, 3009.30, 3009.30, 3009.30
02/27/95, 3025.30, 3025.30, 3025.30, 3025.30
02/24/95, 3037.70, 3037.67, 3037.67, 3037.70
02/23/95, 3049.30, 3049.30, 3049.30, 3049.30
02/22/95, 3019.50, 3019.50, 3019.50, 3019.50
02/21/95, 3023.40, 3023.40, 3023.40, 3023.40
02/20/95, 3018.60, 3018.60, 3018.60, 3018.60
02/17/95, 3044.20, 3044.20, 3044.20, 3044.20
02/16/95, 3051.10, 3051.10, 3051.10, 3051.10
02/15/95, 3074.90, 3074.90, 3074.90, 3074.90
02/14/95, 3071.30, 3071.30, 3071.30, 3071.30
02/13/95, 3081.10, 3081.10, 3081.10, 3081.10
02/10/95, 3109.90, 3109.90, 3109.90, 3109.90
02/09/95, 3099.00, 3098.97, 3098.97, 3099.00
02/08/95, 3072.50, 3072.50, 3072.50, 3072.50
02/07/95, 3072.70, 3072.70, 3072.70, 3072.70
02/06/95, 3062.00, 3062.00, 3062.00, 3062.00
02/03/95, 3059.70, 3059.70, 3059.70, 3059.70
02/02/95, 3034.70, 3034.70, 3034.70, 3034.70
02/01/95, 3017.30, 3017.30, 3017.30, 3017.30
01/31/95, 2991.60, 2991.60, 2991.60, 2991.60
01/30/95, 2995.90, 2995.90, 2995.90, 2995.90
01/27/95, 3022.20, 3022.20, 3022.20, 3022.20
01/26/95, 3007.30, 3007.27, 3007.27, 3007.30
01/25/95, 2982.20, 2982.18, 2982.18, 2982.20
01/24/95, 2969.00, 2968.97, 2968.97, 2969.00
01/23/95, 2954.20, 2954.18, 2954.18, 2954.20
01/20/95, 2995.00, 2995.00, 2995.00, 2995.00
01/19/95, 3028.60, 3028.60, 3028.60, 3028.60
01/18/95, 3054.90, 3054.90, 3054.90, 3054.90
01/17/95, 3054.40, 3054.40, 3054.40, 3054.40
01/16/95, 3076.70, 3076.70, 3076.70, 3076.70
01/13/95, 3048.30, 3048.30, 3048.30, 3048.30
01/12/95, 3033.20, 3033.20, 3033.20, 3033.20
01/11/95, 3049.40, 3049.40, 3049.40, 3049.40
01/10/95, 3060.40, 3060.40, 3060.40, 3060.40
01/09/95, 3055.80, 3055.80, 3055.80, 3055.80
01/06/95, 3065.00, 3065.00, 3065.00, 3065.00
01/05/95, 3032.30, 3032.30, 3032.30, 3032.30
01/04/95, 3051.60, 3051.60, 3051.60, 3051.60
01/03/95, 3065.70, 3065.70, 3065.70, 3065.70
12/30/94, 3065.50, 3065.54, 3065.54, 3065.50
12/29/94, 3065.60, 3065.65, 3065.65, 3065.60
12/28/94, 3095.80, 3095.81, 3095.81, 3095.80
12/23/94, 3083.40, 3083.40, 3083.40, 3083.40
12/22/94, 3091.70, 3091.70, 3091.70, 3091.70
12/21/94, 3070.40, 3070.40, 3070.40, 3070.40
12/20/94, 3058.10, 3058.10, 3058.10, 3058.10
12/19/94, 3034.40, 3034.44, 3034.44, 3034.40
12/16/94, 3013.60, 3013.60, 3013.60, 3013.60
12/15/94, 2973.40, 2973.40, 2973.40, 2973.40
12/14/94, 2980.60, 2980.60, 2980.60, 2980.60
12/13/94, 2946.40, 2946.40, 2946.40, 2946.40
12/12/94, 2943.40, 2943.40, 2943.40, 2943.40
12/09/94, 2977.30, 2977.30, 2977.30, 2977.30
12/08/94, 3013.80, 3013.80, 3013.80, 3013.80
12/07/94, 3012.50, 3012.50, 3012.50, 3012.50
12/06/94, 3016.10, 3016.10, 3016.10, 3016.10
12/05/94, 3033.50, 3033.50, 3033.50, 3033.50
12/02/94, 3017.30, 3017.34, 3017.34, 3017.30
12/01/94, 3039.60, 3039.65, 3039.65, 3039.60
11/30/94, 3081.40, 3081.40, 3081.40, 3081.40
11/29/94, 3061.10, 3061.10, 3061.10, 3061.10
11/28/94, 3047.10, 3047.10, 3047.10, 3047.10
11/25/94, 3033.50, 3033.50, 3033.50, 3033.50
11/24/94, 3036.60, 3036.60, 3036.60, 3036.60
11/23/94, 3027.50, 3027.50, 3027.50, 3027.50
11/22/94, 3078.70, 3078.70, 3078.70, 3078.70
11/21/94, 3121.00, 3121.00, 3121.00, 3121.00
11/18/94, 3131.00, 3131.00, 3131.00, 3131.00
11/17/94, 3127.50, 3127.50, 3127.50, 3127.50
11/16/94, 3146.50, 3146.50, 3146.50, 3146.50
11/15/94, 3135.40, 3135.40, 3135.40, 3135.40
11/14/94, 3095.30, 3095.30, 3095.30, 3095.30
11/11/94, 3075.90, 3075.90, 3075.90, 3075.90
11/10/94, 3103.50, 3103.50, 3103.50, 3103.50
11/09/94, 3099.60, 3099.60, 3099.60, 3099.60
11/08/94, 3063.80, 3063.80, 3063.80, 3063.80
11/07/94, 3065.80, 3065.80, 3065.80, 3065.80
11/04/94, 3097.60, 3097.61, 3097.61, 3097.60
11/03/94, 3104.40, 3104.36, 3104.36, 3104.40
11/02/94, 3081.30, 3081.34, 3081.34, 3081.30
11/01/94, 3096.30, 3096.29, 3096.29, 3096.30
10/31/94, 3097.40, 3097.42, 3097.42, 3097.40
10/28/94, 3083.80, 3083.79, 3083.79, 3083.80
10/27/94, 3029.60, 3029.60, 3029.60, 3029.60
10/26/94, 2999.90, 2999.90, 2999.90, 2999.90
10/25/94, 3000.90, 3000.90, 3000.90, 3000.90
10/24/94, 3029.10, 3029.10, 3029.10, 3029.10
10/21/94, 3032.80, 3032.80, 3032.80, 3032.80
10/20/94, 3063.20, 3063.20, 3063.20, 3063.20
10/19/94, 3060.80, 3060.80, 3060.80, 3060.80
10/18/94, 3085.30, 3085.30, 3085.30, 3085.30
10/17/94, 3120.20, 3120.20, 3120.20, 3120.20
10/14/94, 3106.70, 3106.70, 3106.70, 3106.70
10/13/94, 3141.90, 3141.90, 3141.90, 3141.90
10/12/94, 3100.50, 3100.50, 3100.50, 3100.50
10/11/94, 3073.00, 3073.00, 3073.00, 3073.00
10/10/94, 3032.30, 3032.30, 3032.30, 3032.30
10/07/94, 2998.70, 2998.68, 2998.68, 2998.70
10/06/94, 2984.40, 2984.37, 2984.37, 2984.40
10/05/94, 2956.30, 2956.31, 2956.31, 2956.30
10/04/94, 3001.80, 3001.76, 3001.76, 3001.80
10/03/94, 2983.50, 2983.47, 2983.47, 2983.50
09/30/94, 3026.30, 3026.30, 3026.30, 3026.30
09/29/94, 2992.50, 2992.50, 2992.50, 2992.50
09/28/94, 3038.70, 3038.70, 3038.70, 3038.70
09/27/94, 3008.50, 3008.54, 3008.54, 3008.50
09/26/94, 2999.80, 2999.83, 2999.83, 2999.80
09/23/94, 3028.20, 3028.20, 3028.20, 3028.20
09/22/94, 3021.20, 3021.20, 3021.20, 3021.20
09/21/94, 3014.80, 3014.80, 3014.80, 3014.80
09/20/94, 3037.30, 3037.30, 3037.30, 3037.30
09/19/94, 3079.10, 3079.10, 3079.10, 3079.10
09/16/94, 3065.10, 3065.10, 3065.10, 3065.10
09/15/94, 3112.70, 3112.70, 3112.70, 3112.70
09/14/94, 3079.80, 3079.80, 3079.80, 3079.80
09/13/94, 3121.40, 3121.40, 3121.40, 3121.40
09/12/94, 3128.80, 3128.80, 3128.80, 3128.80
09/09/94, 3139.30, 3139.30, 3139.30, 3139.30
09/08/94, 3180.00, 3180.01, 3180.01, 3180.00
09/07/94, 3203.90, 3203.85, 3203.85, 3203.90
09/06/94, 3205.40, 3205.43, 3205.43, 3205.40
09/05/94, 3241.50, 3241.46, 3241.46, 3241.50
09/02/94, 3222.70, 3222.68, 3222.68, 3222.70
09/01/94, 3216.50, 3216.50, 3216.50, 3216.50
08/31/94, 3251.30, 3251.30, 3251.30, 3251.30
08/30/94, 3249.60, 3249.60, 3249.60, 3249.60
08/26/94, 3265.10, 3265.10, 3265.10, 3265.10
08/25/94, 3234.20, 3234.20, 3234.20, 3234.20
08/24/94, 3205.20, 3205.20, 3205.20, 3205.20
08/23/94, 3175.10, 3175.10, 3175.10, 3175.10
08/22/94, 3171.30, 3171.30, 3171.30, 3171.30
08/19/94, 3191.40, 3191.40, 3191.40, 3191.40
08/18/94, 3182.60, 3182.60, 3182.60, 3182.60
08/17/94, 3190.30, 3190.30, 3190.30, 3190.30
08/16/94, 3147.30, 3147.30, 3147.30, 3147.30
08/15/94, 3142.20, 3142.20, 3142.20, 3142.20
08/12/94, 3142.30, 3142.30, 3142.30, 3142.30
08/11/94, 3138.20, 3138.20, 3138.20, 3138.20
08/10/94, 3167.00, 3167.00, 3167.00, 3167.00
08/09/94, 3168.60, 3168.60, 3168.60, 3168.60
08/08/94, 3171.90, 3171.90, 3171.90, 3171.90
08/05/94, 3167.50, 3167.50, 3167.50, 3167.50
08/04/94, 3150.50, 3150.50, 3150.50, 3150.50
08/03/94, 3160.40, 3160.40, 3160.40, 3160.40
08/02/94, 3157.50, 3157.50, 3157.50, 3157.50
08/01/94, 3097.40, 3097.40, 3097.40, 3097.40
07/29/94, 3082.60, 3082.60, 3082.60, 3082.60
07/28/94, 3095.90, 3095.90, 3095.90, 3095.90
07/27/94, 3082.30, 3082.34, 3082.34, 3082.30
07/26/94, 3117.20, 3117.18, 3117.18, 3117.20
07/25/94, 3106.10, 3106.15, 3106.15, 3106.10
07/22/94, 3114.70, 3114.69, 3114.69, 3114.70
07/21/94, 3095.10, 3095.13, 3095.13, 3095.10
07/20/94, 3077.20, 3077.20, 3077.20, 3077.20
07/19/94, 3091.30, 3091.30, 3091.30, 3091.30
07/18/94, 3082.00, 3082.00, 3082.00, 3082.00
07/15/94, 3074.80, 3074.78, 3074.78, 3074.80
07/14/94, 3050.40, 3050.38, 3050.38, 3050.40
07/13/94, 3005.30, 3005.32, 3005.32, 3005.30
07/12/94, 2963.90, 2963.91, 2963.91, 2963.90
07/11/94, 2983.80, 2983.80, 2983.80, 2983.80
07/08/94, 2962.40, 2962.40, 2962.40, 2962.40
07/07/94, 2964.40, 2964.40, 2964.40, 2964.40
07/06/94, 2946.70, 2946.70, 2946.70, 2946.70
07/05/94, 2965.00, 2965.00, 2965.00, 2965.00
07/04/94, 2970.40, 2970.44, 2970.44, 2970.40
07/01/94, 2936.40, 2936.40, 2936.40, 2936.40
06/30/94, 2919.20, 2919.20, 2919.20, 2919.20
06/29/94, 2946.30, 2946.30, 2946.30, 2946.30
06/28/94, 2909.00, 2909.00, 2909.00, 2909.00
06/27/94, 2899.90, 2899.90, 2899.90, 2899.90
06/24/94, 2876.60, 2876.60, 2876.60, 2876.60
06/23/94, 2942.40, 2942.40, 2942.40, 2942.40
06/22/94, 2960.40, 2960.40, 2960.40, 2960.40
06/21/94, 2940.20, 2940.20, 2940.20, 2940.20
06/20/94, 2971.10, 2971.10, 2971.10, 2971.10
06/17/94, 3022.90, 3022.94, 3022.94, 3022.90
06/16/94, 3030.10, 3030.08, 3030.08, 3030.10
06/15/94, 3045.80, 3045.82, 3045.82, 3045.80
06/14/94, 3039.60, 3039.63, 3039.63, 3039.60
06/13/94, 3016.30, 3016.34, 3016.34, 3016.30
06/10/94, 3055.90, 3055.90, 3055.90, 3055.90
06/09/94, 3028.90, 3028.90, 3028.90, 3028.90
06/08/94, 3038.20, 3038.20, 3038.20, 3038.20
06/07/94, 3004.80, 3004.80, 3004.80, 3004.80
06/06/94, 3009.40, 3009.40, 3009.40, 3009.40
06/03/94, 2997.80, 2997.80, 2997.80, 2997.80
06/02/94, 2980.80, 2980.80, 2980.80, 2980.80
06/01/94, 2931.90, 2931.90, 2931.90, 2931.90
05/31/94, 2970.50, 2970.50, 2970.50, 2970.50
05/27/94, 2966.40, 2966.40, 2966.40, 2966.40
05/26/94, 3019.70, 3019.70, 3019.70, 3019.70
05/25/94, 3020.70, 3020.70, 3020.70, 3020.70
05/24/94, 3089.10, 3089.10, 3089.10, 3089.10
05/23/94, 3108.40, 3108.40, 3108.40, 3108.40
05/20/94, 3127.30, 3127.28, 3127.28, 3127.30
05/19/94, 3122.80, 3122.81, 3122.81, 3122.80
05/18/94, 3116.50, 3116.51, 3116.51, 3116.50
05/17/94, 3123.50, 3123.51, 3123.51, 3123.50
05/16/94, 3115.60, 3115.60, 3115.60, 3115.60
05/13/94, 3119.20, 3119.20, 3119.20, 3119.20
05/12/94, 3137.80, 3137.80, 3137.80, 3137.80
05/11/94, 3130.50, 3130.50, 3130.50, 3130.50
05/10/94, 3136.30, 3136.30, 3136.30, 3136.30
05/09/94, 3097.80, 3097.80, 3097.80, 3097.80
05/06/94, 3106.00, 3106.00, 3106.00, 3106.00
05/05/94, 3106.00, 3106.00, 3106.00, 3106.00
05/04/94, 3070.50, 3070.50, 3070.50, 3070.50
05/03/94, 3100.00, 3100.00, 3100.00, 3100.00
04/29/94, 3125.30, 3125.30, 3125.30, 3125.30
04/28/94, 3129.90, 3129.90, 3129.90, 3129.90
04/27/94, 3150.00, 3150.00, 3150.00, 3150.00
04/26/94, 3125.30, 3125.30, 3125.30, 3125.30
04/25/94, 3106.10, 3106.10, 3106.10, 3106.10
04/22/94, 3133.70, 3133.70, 3133.70, 3133.70
04/21/94, 3101.20, 3101.24, 3101.24, 3101.20
04/20/94, 3098.30, 3098.34, 3098.34, 3098.30
04/19/94, 3128.00, 3128.01, 3128.01, 3128.00
04/18/94, 3138.20, 3138.16, 3138.16, 3138.20
04/15/94, 3168.30, 3168.30, 3168.30, 3168.30
04/14/94, 3131.70, 3131.70, 3131.70, 3131.70
04/13/94, 3145.80, 3145.80, 3145.80, 3145.80
04/12/94, 3159.10, 3159.10, 3159.10, 3159.10
04/11/94, 3149.40, 3149.40, 3149.40, 3149.40
04/08/94, 3120.80, 3120.80, 3120.80, 3120.80
04/07/94, 3129.00, 3129.00, 3129.00, 3129.00
04/06/94, 3131.50, 3131.50, 3131.50, 3131.50
04/05/94, 3116.20, 3116.20, 3116.20, 3116.20
03/31/94, 3086.40, 3086.40, 3086.40, 3086.40
03/30/94, 3092.40, 3092.40, 3092.40, 3092.40
03/29/94, 3123.40, 3123.40, 3123.40, 3123.40
03/28/94, 3129.50, 3129.50, 3129.50, 3129.50
03/25/94, 3129.00, 3128.98, 3128.98, 3129.00
03/24/94, 3121.70, 3121.71, 3121.71, 3121.70
03/23/94, 3155.30, 3155.30, 3155.30, 3155.30
03/22/94, 3201.50, 3201.52, 3201.52, 3201.50
03/21/94, 3198.00, 3197.98, 3197.98, 3198.00
03/18/94, 3218.10, 3218.10, 3218.10, 3218.10
03/17/94, 3255.70, 3255.70, 3255.70, 3255.70
03/16/94, 3242.90, 3242.90, 3242.90, 3242.90
03/15/94, 3267.40, 3267.40, 3267.40, 3267.40
03/14/94, 3233.40, 3233.40, 3233.40, 3233.40
03/11/94, 3191.90, 3191.90, 3191.90, 3191.90
03/10/94, 3233.90, 3233.90, 3233.90, 3233.90
03/09/94, 3246.70, 3246.70, 3246.70, 3246.70
03/08/94, 3264.40, 3264.40, 3264.40, 3264.40
03/07/94, 3305.90, 3305.91, 3305.91, 3305.90
03/04/94, 3278.00, 3278.00, 3278.00, 3278.00
03/03/94, 3246.50, 3246.50, 3246.50, 3246.50
03/02/94, 3248.10, 3248.09, 3248.09, 3248.10
03/01/94, 3270.60, 3270.60, 3270.60, 3270.60
02/28/94, 3328.10, 3328.10, 3328.10, 3328.10
02/25/94, 3281.20, 3281.20, 3281.20, 3281.20
02/24/94, 3267.50, 3267.46, 3267.46, 3267.50
02/23/94, 3341.90, 3341.86, 3341.86, 3341.90
02/22/94, 3333.70, 3333.75, 3333.75, 3333.70
02/21/94, 3350.30, 3350.26, 3350.26, 3350.30
02/18/94, 3382.60, 3382.60, 3382.60, 3382.60
02/17/94, 3425.30, 3425.30, 3425.30, 3425.30
02/16/94, 3417.70, 3417.73, 3417.73, 3417.70
02/15/94, 3393.20, 3393.16, 3393.16, 3393.20
02/14/94, 3363.50, 3363.53, 3363.53, 3363.50
02/11/94, 3378.90, 3378.87, 3378.87, 3378.90
02/10/94, 3407.00, 3406.95, 3406.95, 3407.00
02/09/94, 3429.10, 3429.11, 3429.11, 3429.10
02/08/94, 3440.20, 3440.20, 3440.20, 3440.20
02/07/94, 3419.10, 3419.07, 3419.07, 3419.10
02/04/94, 3475.40, 3475.44, 3475.44, 3475.40
02/03/94, 3491.50, 3491.48, 3491.48, 3491.50
02/02/94, 3520.30, 3520.27, 3520.27, 3520.30
02/01/94, 3481.50, 3481.47, 3481.47, 3481.50
01/31/94, 3491.80, 3491.83, 3491.83, 3491.80
01/28/94, 3447.40, 3447.45, 3447.45, 3447.40
01/27/94, 3427.30, 3427.25, 3427.25, 3427.30
01/26/94, 3436.10, 3436.08, 3436.08, 3436.10
01/25/94, 3444.00, 3443.97, 3443.97, 3444.00
01/24/94, 3481.40, 3481.42, 3481.42, 3481.40
01/21/94, 3484.20, 3484.21, 3484.21, 3484.20
01/20/94, 3470.00, 3469.99, 3469.99, 3470.00
01/19/94, 3475.10, 3475.15, 3475.15, 3475.10
01/18/94, 3437.00, 3437.01, 3437.01, 3437.00
01/17/94, 3407.80, 3407.83, 3407.83, 3407.80
01/14/94, 3400.60, 3400.56, 3400.56, 3400.60
01/13/94, 3360.00, 3360.01, 3360.01, 3360.00
01/12/94, 3372.00, 3372.02, 3372.02, 3372.00
01/11/94, 3413.80, 3413.77, 3413.77, 3413.80
01/10/94, 3440.60, 3440.58, 3440.58, 3440.60
01/07/94, 3446.00, 3445.98, 3445.98, 3446.00
01/06/94, 3403.00, 3403.04, 3403.04, 3403.00
01/05/94, 3379.20, 3379.22, 3379.22, 3379.20
01/04/94, 3408.50, 3408.51, 3408.51, 3408.50
12/31/93, 3418.40, 3418.42, 3418.42, 3418.40
12/30/93, 3428.80, 3428.79, 3428.79, 3428.80
12/29/93, 3462.00, 3461.96, 3461.96, 3462.00
12/24/93, 3412.30, 3412.30, 3412.30, 3412.30
12/23/93, 3396.50, 3396.51, 3396.51, 3396.50
12/22/93, 3355.70, 3355.68, 3355.68, 3355.70
12/21/93, 3342.40, 3342.36, 3342.36, 3342.40
12/20/93, 3364.90, 3364.86, 3364.86, 3364.90
12/17/93, 3337.10, 3337.10, 3337.10, 3337.10
12/16/93, 3311.20, 3311.21, 3311.21, 3311.20
12/15/93, 3278.80, 3278.78, 3278.78, 3278.80
12/14/93, 3248.40, 3248.37, 3248.37, 3248.40
12/13/93, 3254.60, 3254.55, 3254.55, 3254.60
12/10/93, 3261.30, 3261.27, 3261.27, 3261.30
12/09/93, 3271.60, 3271.55, 3271.55, 3271.60
12/08/93, 3277.40, 3277.37, 3277.37, 3277.40
12/07/93, 3237.30, 3237.26, 3237.26, 3237.30
12/06/93, 3237.30, 3237.34, 3237.34, 3237.30
12/03/93, 3234.20, 3234.23, 3234.23, 3234.20
12/02/93, 3223.90, 3223.95, 3223.95, 3223.90
12/01/93, 3233.20, 3233.16, 3233.16, 3233.20
11/30/93, 3166.90, 3166.85, 3166.85, 3166.90
11/29/93, 3135.80, 3135.84, 3135.84, 3135.80
11/26/93, 3111.40, 3111.39, 3111.39, 3111.40
11/25/93, 3093.10, 3093.11, 3093.11, 3093.10
11/24/93, 3067.20, 3067.21, 3067.21, 3067.20
11/23/93, 3069.30, 3069.29, 3069.29, 3069.30
11/22/93, 3070.60, 3070.62, 3070.62, 3070.60
11/19/93, 3108.00, 3107.99, 3107.99, 3108.00
11/18/93, 3125.50, 3125.51, 3125.51, 3125.50
11/17/93, 3120.00, 3120.01, 3120.01, 3120.00
11/16/93, 3097.50, 3097.55, 3097.55, 3097.50
11/15/93, 3093.30, 3093.32, 3093.32, 3093.30
11/12/93, 3099.10, 3099.07, 3099.07, 3099.10
11/11/93, 3099.70, 3099.74, 3099.74, 3099.70
11/10/93, 3098.50, 3098.48, 3098.48, 3098.50
11/09/93, 3096.00, 3096.02, 3096.02, 3096.00
11/08/93, 3077.60, 3077.62, 3077.62, 3077.60
11/05/93, 3085.60, 3085.56, 3085.56, 3085.60
11/04/93, 3149.00, 3148.98, 3148.98, 3149.00
11/03/93, 3162.30, 3162.30, 3162.30, 3162.30
11/02/93, 3164.10, 3164.08, 3164.08, 3164.10
11/01/93, 3164.40, 3164.40, 3164.40, 3164.40
10/29/93, 3171.00, 3170.98, 3170.98, 3171.00
10/28/93, 3163.00, 3163.05, 3163.05, 3163.00
10/27/93, 3154.30, 3154.29, 3154.29, 3154.30
10/26/93, 3165.30, 3165.29, 3165.29, 3165.30
10/25/93, 3184.80, 3184.78, 3184.78, 3184.80
10/22/93, 3199.00, 3198.99, 3198.99, 3199.00
10/21/93, 3188.30, 3188.26, 3188.26, 3188.30
10/20/93, 3156.30, 3156.35, 3156.35, 3156.30
10/19/93, 3129.60, 3129.57, 3129.57, 3129.60
10/18/93, 3137.60, 3137.57, 3137.57, 3137.60
10/15/93, 3120.80, 3120.84, 3120.84, 3120.80
10/14/93, 3086.30, 3086.25, 3086.25, 3086.30
10/13/93, 3080.90, 3080.88, 3080.88, 3080.90
10/12/93, 3094.70, 3094.66, 3094.66, 3094.70
10/11/93, 3102.20, 3102.21, 3102.21, 3102.20
10/08/93, 3108.60, 3108.57, 3108.57, 3108.60
10/07/93, 3092.40, 3092.40, 3092.40, 3092.40
10/06/93, 3100.77, 3100.77, 3100.77, 3100.77
10/05/93, 3085.20, 3085.24, 3085.24, 3085.20
10/04/93, 3067.70, 3067.73, 3067.73, 3067.70
10/01/93, 3039.30, 3039.27, 3039.27, 3039.30
09/30/93, 3037.50, 3037.47, 3037.47, 3037.50
09/29/93, 3030.10, 3030.07, 3030.07, 3030.10
09/28/93, 3036.90, 3036.91, 3036.91, 3036.90
09/27/93, 3026.30, 3026.34, 3026.34, 3026.30
09/24/93, 3005.20, 3005.20, 3005.20, 3005.20
09/23/93, 3001.30, 3001.29, 3001.29, 3001.30
09/22/93, 3007.50, 3007.53, 3007.53, 3007.50
09/21/93, 3001.60, 3001.59, 3001.59, 3001.60
09/20/93, 3004.50, 3004.53, 3004.53, 3004.50
09/17/93, 3005.50, 3005.48, 3005.48, 3005.50
09/16/93, 3003.90, 3003.88, 3003.88, 3003.90
09/15/93, 2989.40, 2989.41, 2989.41, 2989.40
09/14/93, 3028.00, 3028.00, 3028.00, 3028.00
09/13/93, 3024.80, 3024.79, 3024.79, 3024.80
09/10/93, 3037.00, 3036.99, 3036.99, 3037.00
09/09/93, 3031.20, 3031.20, 3031.20, 3031.20
09/08/93, 3035.40, 3035.39, 3035.39, 3035.40
09/07/93, 3038.60, 3038.57, 3038.57, 3038.60
09/06/93, 3059.00, 3059.01, 3059.01, 3059.00
09/03/93, 3057.30, 3057.26, 3057.26, 3057.30
09/02/93, 3072.60, 3072.57, 3072.57, 3072.60
09/01/93, 3085.10, 3085.05, 3085.05, 3085.10
08/31/93, 3100.00, 3099.97, 3099.97, 3100.00
08/27/93, 3100.60, 3100.62, 3100.62, 3100.60
08/26/93, 3079.20, 3079.23, 3079.23, 3079.20
08/25/93, 3079.20, 3079.17, 3079.17, 3079.20
08/24/93, 3049.30, 3049.35, 3049.35, 3049.30
08/23/93, 3042.00, 3042.05, 3042.05, 3042.00
08/20/93, 3057.60, 3057.59, 3057.59, 3057.60
08/19/93, 3065.50, 3065.46, 3065.46, 3065.50
08/18/93, 3073.60, 3073.65, 3073.65, 3073.60
08/17/93, 3025.00, 3025.03, 3025.03, 3025.00
08/16/93, 3008.30, 3008.27, 3008.27, 3008.30
08/13/93, 3010.10, 3010.10, 3010.10, 3010.10
08/12/93, 3009.10, 3009.10, 3009.10, 3009.10
08/11/93, 3006.10, 3006.10, 3006.10, 3006.10
08/10/93, 2971.60, 2971.65, 2971.65, 2971.60
08/09/93, 2986.40, 2986.43, 2986.43, 2986.40
08/06/93, 2969.80, 2969.77, 2969.77, 2969.80
08/05/93, 2943.40, 2943.45, 2943.45, 2943.40
08/04/93, 2941.30, 2941.31, 2941.31, 2941.30
08/03/93, 2945.00, 2945.02, 2945.02, 2945.00
08/02/93, 2941.70, 2941.72, 2941.72, 2941.70
07/30/93, 2926.50, 2926.46, 2926.46, 2926.50
07/29/93, 2917.60, 2917.61, 2917.61, 2917.60
07/28/93, 2884.20, 2884.23, 2884.23, 2884.20
07/27/93, 2879.40, 2879.43, 2879.43, 2879.40
07/26/93, 2844.20, 2844.17, 2844.17, 2844.20
07/23/93, 2827.70, 2827.67, 2827.67, 2827.70
07/22/93, 2820.10, 2820.08, 2820.08, 2820.10
07/21/93, 2814.10, 2814.12, 2814.12, 2814.10
07/20/93, 2823.90, 2823.90, 2823.90, 2823.90
07/19/93, 2842.90, 2842.94, 2842.94, 2842.90
07/16/93, 2833.00, 2832.97, 2832.97, 2833.00
07/15/93, 2831.70, 2831.65, 2831.65, 2831.70
07/14/93, 2832.30, 2832.31, 2832.31, 2832.30
07/13/93, 2837.10, 2837.08, 2837.08, 2837.10
07/12/93, 2830.90, 2830.92, 2830.92, 2830.90
07/09/93, 2843.20, 2843.15, 2843.15, 2843.20
07/08/93, 2845.90, 2845.93, 2845.93, 2845.90
07/07/93, 2848.30, 2848.28, 2848.28, 2848.30
07/06/93, 2848.10, 2848.05, 2848.05, 2848.10
07/05/93, 2838.50, 2838.49, 2838.49, 2838.50
07/02/93, 2857.70, 2857.67, 2857.67, 2857.70
07/01/93, 2888.80, 2888.78, 2888.78, 2888.80
06/30/93, 2900.00, 2899.95, 2899.95, 2900.00
06/29/93, 2886.00, 2886.02, 2886.02, 2886.00
06/28/93, 2897.00, 2896.96, 2896.96, 2897.00
06/25/93, 2887.50, 2887.46, 2887.46, 2887.50
06/24/93, 2894.70, 2894.75, 2894.75, 2894.70
06/23/93, 2900.70, 2900.68, 2900.68, 2900.70
06/22/93, 2907.60, 2907.60, 2907.60, 2907.60
06/21/93, 2903.40, 2903.41, 2903.41, 2903.40
06/18/93, 2879.40, 2879.45, 2879.45, 2879.40
06/17/93, 2875.70, 2875.72, 2875.72, 2875.70
06/16/93, 2883.00, 2882.96, 2882.96, 2883.00
06/15/93, 2870.00, 2870.03, 2870.03, 2870.00
06/14/93, 2885.50, 2885.46, 2885.46, 2885.50
06/11/93, 2861.80, 2861.75, 2861.75, 2861.80
06/10/93, 2860.00, 2860.05, 2860.05, 2860.00
06/09/93, 2866.90, 2866.90, 2866.90, 2866.90
06/08/93, 2844.40, 2844.36, 2844.36, 2844.40
06/07/93, 2844.80, 2844.83, 2844.83, 2844.80
06/04/93, 2829.90, 2829.85, 2829.85, 2829.90
06/03/93, 2852.80, 2852.82, 2852.82, 2852.80
06/02/93, 2863.00, 2862.98, 2862.98, 2863.00
06/01/93, 2849.20, 2849.20, 2849.20, 2849.20
05/28/93, 2840.70, 2840.75, 2840.75, 2840.70
05/27/93, 2855.30, 2855.30, 2855.30, 2855.30
05/26/93, 2846.90, 2846.87, 2846.87, 2846.90
05/25/93, 2837.70, 2837.66, 2837.66, 2837.70
05/24/93, 2825.60, 2825.57, 2825.57, 2825.60
05/21/93, 2812.20, 2812.17, 2812.17, 2812.20
05/20/93, 2816.80, 2816.80, 2816.80, 2816.80
05/19/93, 2819.70, 2819.66, 2819.66, 2819.70
05/18/93, 2847.30, 2847.26, 2847.26, 2847.30
05/17/93, 2858.10, 2858.09, 2858.09, 2858.10
05/14/93, 2847.00, 2846.98, 2846.98, 2847.00
05/13/93, 2849.30, 2849.34, 2849.34, 2849.30
05/12/93, 2860.80, 2860.85, 2860.85, 2860.80
05/11/93, 2836.10, 2836.09, 2836.09, 2836.10
05/10/93, 2829.80, 2829.78, 2829.78, 2829.80
05/07/93, 2793.70, 2793.69, 2793.69, 2793.70
05/06/93, 2786.30, 2786.33, 2786.33, 2786.30
05/05/93, 2796.50, 2796.50, 2796.50, 2796.50
05/04/93, 2812.60, 2812.58, 2812.58, 2812.60
04/30/93, 2813.10, 2813.11, 2813.11, 2813.10
04/29/93, 2786.80, 2786.79, 2786.79, 2786.80
04/28/93, 2797.30, 2797.31, 2797.31, 2797.30
04/27/93, 2832.70, 2832.69, 2832.69, 2832.70
04/26/93, 2822.30, 2822.27, 2822.27, 2822.30
04/23/93, 2843.80, 2843.85, 2843.85, 2843.80
04/22/93, 2881.10, 2881.05, 2881.05, 2881.10
04/21/93, 2869.60, 2869.60, 2869.60, 2869.60
04/20/93, 2856.10, 2856.13, 2856.13, 2856.10
04/19/93, 2830.00, 2830.05, 2830.05, 2830.00
04/16/93, 2824.40, 2824.37, 2824.37, 2824.40
04/15/93, 2839.70, 2839.72, 2839.72, 2839.70
04/14/93, 2842.10, 2842.14, 2842.14, 2842.10
04/13/93, 2846.80, 2846.77, 2846.77, 2846.80
04/08/93, 2821.80, 2821.76, 2821.76, 2821.80
04/07/93, 2822.10, 2822.05, 2822.05, 2822.10
04/06/93, 2832.20, 2832.23, 2832.23, 2832.20
04/05/93, 2838.80, 2838.84, 2838.84, 2838.80
04/02/93, 2869.90, 2869.92, 2869.92, 2869.90
04/01/93, 2878.40, 2878.45, 2878.45, 2878.40
03/31/93, 2878.70, 2878.67, 2878.67, 2878.70
03/30/93, 2861.00, 2860.96, 2860.96, 2861.00
03/29/93, 2846.50, 2846.50, 2846.50, 2846.50
03/26/93, 2852.90, 2852.85, 2852.85, 2852.90
03/25/93, 2852.80, 2852.77, 2852.77, 2852.80
03/24/93, 2860.60, 2860.63, 2860.63, 2860.60
03/23/93, 2861.10, 2861.09, 2861.09, 2861.10
03/22/93, 2863.90, 2863.94, 2863.94, 2863.90
03/19/93, 2900.10, 2900.10, 2900.10, 2900.10
03/18/93, 2879.70, 2879.70, 2879.70, 2879.70
03/17/93, 2889.90, 2889.86, 2889.86, 2889.90
03/16/93, 2919.30, 2919.32, 2919.32, 2919.30
03/15/93, 2922.40, 2922.43, 2922.43, 2922.40
03/12/93, 2915.90, 2915.89, 2915.89, 2915.90
03/11/93, 2953.40, 2953.39, 2953.39, 2953.40
03/10/93, 2956.70, 2956.74, 2956.74, 2956.70
03/09/93, 2949.90, 2949.91, 2949.91, 2949.90
03/08/93, 2957.30, 2957.32, 2957.32, 2957.30
03/05/93, 2922.10, 2922.10, 2922.10, 2922.10
03/04/93, 2904.80, 2904.79, 2904.79, 2904.80
03/03/93, 2918.60, 2918.61, 2918.61, 2918.60
03/02/93, 2882.30, 2882.26, 2882.26, 2882.30
03/01/93, 2882.60, 2882.63, 2882.63, 2882.60
02/26/93, 2868.00, 2867.97, 2867.97, 2868.00
02/25/93, 2828.70, 2828.66, 2828.66, 2828.70
02/24/93, 2817.00, 2816.96, 2816.96, 2817.00
02/23/93, 2818.00, 2818.03, 2818.03, 2818.00
02/22/93, 2838.30, 2838.30, 2838.30, 2838.30
02/19/93, 2840.00, 2840.00, 2840.00, 2840.00
02/18/93, 2837.70, 2837.70, 2837.70, 2837.70
02/17/93, 2814.00, 2814.00, 2814.00, 2814.00
02/16/93, 2812.20, 2812.20, 2812.20, 2812.20
02/15/93, 2845.90, 2845.90, 2845.90, 2845.90
02/12/93, 2843.00, 2843.00, 2843.00, 2843.00
02/11/93, 2834.30, 2834.30, 2834.30, 2834.30
02/10/93, 2816.40, 2816.40, 2816.40, 2816.40
02/09/93, 2831.30, 2831.30, 2831.30, 2831.30
02/08/93, 2870.00, 2870.00, 2870.00, 2870.00
02/05/93, 2862.90, 2862.90, 2862.90, 2862.90
02/04/93, 2865.90, 2865.90, 2865.90, 2865.90
02/03/93, 2873.80, 2873.80, 2873.80, 2873.80
02/02/93, 2834.40, 2834.40, 2834.40, 2834.40
02/01/93, 2851.60, 2851.60, 2851.60, 2851.60
01/29/93, 2807.20, 2807.20, 2807.20, 2807.20
01/28/93, 2816.90, 2816.90, 2816.90, 2816.90
01/27/93, 2832.50, 2832.50, 2832.50, 2832.50
01/26/93, 2835.70, 2835.70, 2835.70, 2835.70
01/25/93, 2771.90, 2771.90, 2771.90, 2771.90
01/22/93, 2781.20, 2781.20, 2781.20, 2781.20
01/21/93, 2773.30, 2773.30, 2773.30, 2773.30
01/20/93, 2748.70, 2748.70, 2748.70, 2748.70
01/19/93, 2737.60, 2737.60, 2737.60, 2737.60
01/18/93, 2763.10, 2763.10, 2763.10, 2763.10
01/15/93, 2765.10, 2765.10, 2765.10, 2765.10
01/14/93, 2759.20, 2759.20, 2759.20, 2759.20
01/13/93, 2745.30, 2745.30, 2745.30, 2745.30
01/12/93, 2757.90, 2757.90, 2757.90, 2757.90
01/11/93, 2773.40, 2773.40, 2773.40, 2773.40
01/08/93, 2799.20, 2799.20, 2799.20, 2799.20
01/07/93, 2816.50, 2816.50, 2816.50, 2816.50
01/06/93, 2826.00, 2826.00, 2826.00, 2826.00
01/05/93, 2833.60, 2833.60, 2833.60, 2833.60
01/04/93, 2861.50, 2861.50, 2861.50, 2861.50
12/31/92, 2846.50, 2846.50, 2846.50, 2846.50
12/30/92, 2832.50, 2832.50, 2832.50, 2832.50
12/29/92, 2847.80, 2847.80, 2847.80, 2847.80
12/24/92, 2827.50, 2827.50, 2827.50, 2827.50
12/23/92, 2827.40, 2827.40, 2827.40, 2827.40
12/22/92, 2842.00, 2842.00, 2842.00, 2842.00
12/21/92, 2807.70, 2807.70, 2807.70, 2807.70
12/18/92, 2789.70, 2789.70, 2789.70, 2789.70
12/17/92, 2740.30, 2740.30, 2740.30, 2740.30
12/16/92, 2732.80, 2732.80, 2732.80, 2732.80
12/15/92, 2717.90, 2717.90, 2717.90, 2717.90
12/14/92, 2721.80, 2721.80, 2721.80, 2721.80
12/11/92, 2716.20, 2716.20, 2716.20, 2716.20
12/10/92, 2726.50, 2726.50, 2726.50, 2726.50
12/09/92, 2750.70, 2750.70, 2750.70, 2750.70
12/08/92, 2769.80, 2769.80, 2769.80, 2769.80
12/07/92, 2754.50, 2754.50, 2754.50, 2754.50
12/04/92, 2759.40, 2759.40, 2759.40, 2759.40
12/03/92, 2771.00, 2771.00, 2771.00, 2771.00
12/02/92, 2764.10, 2764.10, 2764.10, 2764.10
12/01/92, 2792.00, 2792.00, 2792.00, 2792.00
11/30/92, 2778.80, 2778.80, 2778.80, 2778.80
11/27/92, 2760.10, 2760.10, 2760.10, 2760.10
11/26/92, 2741.80, 2741.80, 2741.80, 2741.80
11/25/92, 2709.60, 2709.60, 2709.60, 2709.60
11/24/92, 2727.10, 2727.10, 2727.10, 2727.10
11/23/92, 2722.90, 2722.90, 2722.90, 2722.90
11/20/92, 2732.40, 2732.40, 2732.40, 2732.40
11/19/92, 2706.20, 2706.20, 2706.20, 2706.20
11/18/92, 2704.00, 2704.00, 2704.00, 2704.00
11/17/92, 2679.20, 2679.20, 2679.20, 2679.20
11/16/92, 2679.60, 2679.60, 2679.60, 2679.60
11/13/92, 2697.50, 2697.50, 2697.50, 2697.50
11/12/92, 2726.40, 2726.40, 2726.40, 2726.40
11/11/92, 2696.80, 2696.80, 2696.80, 2696.80
11/10/92, 2714.60, 2714.60, 2714.60, 2714.60
11/09/92, 2695.40, 2695.40, 2695.40, 2695.40
11/06/92, 2702.70, 2702.70, 2702.70, 2702.70
11/05/92, 2711.10, 2711.10, 2711.10, 2711.10
11/04/92, 2691.70, 2691.70, 2691.70, 2691.70
11/03/92, 2705.60, 2705.60, 2705.60, 2705.60
11/02/92, 2687.80, 2687.80, 2687.80, 2687.80
10/30/92, 2658.30, 2658.30, 2658.30, 2658.30
10/29/92, 2642.30, 2642.30, 2642.30, 2642.30
10/28/92, 2650.40, 2650.40, 2650.40, 2650.40
10/27/92, 2669.80, 2669.80, 2669.80, 2669.80
10/26/92, 2661.60, 2661.60, 2661.60, 2661.60
10/23/92, 2669.70, 2669.70, 2669.70, 2669.70
10/22/92, 2658.10, 2658.10, 2658.10, 2658.10
10/21/92, 2645.70, 2645.70, 2645.70, 2645.70
10/20/92, 2617.00, 2617.00, 2617.00, 2617.00
10/19/92, 2562.20, 2562.20, 2562.20, 2562.20
10/16/92, 2563.90, 2563.90, 2563.90, 2563.90
10/15/92, 2546.60, 2546.60, 2546.60, 2546.60
10/14/92, 2574.70, 2574.70, 2574.70, 2574.70
10/13/92, 2584.70, 2584.70, 2584.70, 2584.70
10/12/92, 2557.20, 2557.20, 2557.20, 2557.20
10/09/92, 2541.20, 2541.20, 2541.20, 2541.20
10/08/92, 2538.80, 2538.80, 2538.80, 2538.80
10/07/92, 2517.10, 2517.10, 2517.10, 2517.10
10/06/92, 2488.40, 2488.40, 2488.40, 2488.40
10/05/92, 2446.30, 2446.30, 2446.30, 2446.30
10/02/92, 2549.70, 2549.70, 2549.70, 2549.70
10/01/92, 2572.30, 2572.30, 2572.30, 2572.30
09/30/92, 2553.00, 2553.00, 2553.00, 2553.00
09/29/92, 2565.50, 2565.50, 2565.50, 2565.50
09/28/92, 2560.00, 2560.00, 2560.00, 2560.00
09/25/92, 2601.00, 2601.00, 2601.00, 2601.00
09/24/92, 2621.20, 2621.20, 2621.20, 2621.20
09/23/92, 2580.60, 2580.50, 2580.50, 2580.60
09/22/92, 2586.00, 2586.00, 2586.00, 2586.00
09/21/92, 2560.10, 2560.10, 2560.10, 2560.10
09/18/92, 2567.00, 2567.00, 2567.00, 2567.00
09/17/92, 2483.90, 2483.90, 2483.90, 2483.90
09/16/92, 2378.30, 2378.30, 2378.30, 2378.30
09/15/92, 2370.00, 2370.00, 2370.00, 2370.00
09/14/92, 2422.10, 2422.10, 2422.10, 2422.10
09/11/92, 2370.90, 2370.90, 2370.90, 2370.90
09/10/92, 2340.60, 2340.60, 2340.60, 2340.60
09/09/92, 2327.50, 2327.50, 2327.50, 2327.50
09/08/92, 2337.70, 2337.70, 2337.70, 2337.70
09/07/92, 2372.20, 2372.20, 2372.20, 2372.20
09/04/92, 2362.20, 2362.20, 2362.20, 2362.20
09/03/92, 2381.90, 2381.90, 2381.90, 2381.90
09/02/92, 2313.00, 2313.00, 2313.00, 2313.00
09/01/92, 2298.40, 2298.40, 2298.40, 2298.40
08/28/92, 2312.60, 2312.60, 2312.60, 2312.60
08/27/92, 2311.60, 2311.60, 2311.60, 2311.60
08/26/92, 2285.00, 2285.00, 2285.00, 2285.00
08/25/92, 2281.00, 2281.00, 2281.00, 2281.00
08/24/92, 2311.10, 2311.10, 2311.10, 2311.10
08/21/92, 2365.70, 2365.70, 2365.70, 2365.70
08/20/92, 2359.40, 2359.40, 2359.40, 2359.40
08/19/92, 2363.50, 2363.50, 2363.50, 2363.50
08/18/92, 2354.70, 2354.70, 2354.70, 2354.70
08/17/92, 2376.10, 2376.10, 2376.10, 2376.10
08/14/92, 2356.80, 2356.80, 2356.80, 2356.80
08/13/92, 2318.00, 2318.00, 2318.00, 2318.00
08/12/92, 2303.10, 2303.10, 2303.10, 2303.10
08/11/92, 2309.60, 2309.60, 2309.60, 2309.60
08/10/92, 2325.70, 2325.70, 2325.70, 2325.70
08/07/92, 2350.10, 2350.10, 2350.10, 2350.10
08/06/92, 2377.60, 2377.60, 2377.60, 2377.60
08/05/92, 2392.80, 2392.80, 2392.80, 2392.80
08/04/92, 2407.50, 2407.50, 2407.50, 2407.50
08/03/92, 2420.20, 2420.20, 2420.20, 2420.20
07/31/92, 2399.60, 2399.60, 2399.60, 2399.60
07/30/92, 2411.60, 2411.60, 2411.60, 2411.60
07/29/92, 2423.20, 2423.20, 2423.20, 2423.20
07/28/92, 2373.40, 2373.40, 2373.40, 2373.40
07/27/92, 2348.00, 2348.00, 2348.00, 2348.00
07/24/92, 2377.20, 2377.20, 2377.20, 2377.20
07/23/92, 2399.50, 2399.50, 2399.50, 2399.50
07/22/92, 2387.90, 2387.90, 2387.90, 2387.90
07/21/92, 2415.60, 2415.60, 2415.60, 2415.60
07/20/92, 2403.70, 2403.70, 2403.70, 2403.70
07/17/92, 2431.90, 2431.90, 2431.90, 2431.90
07/16/92, 2483.40, 2483.40, 2483.40, 2483.40
07/15/92, 2486.40, 2486.40, 2486.40, 2486.40
07/14/92, 2484.00, 2484.00, 2484.00, 2484.00
07/13/92, 2478.30, 2478.30, 2478.30, 2478.30
07/10/92, 2490.80, 2490.80, 2490.80, 2490.80
07/09/92, 2497.90, 2497.90, 2497.90, 2497.90
07/08/92, 2472.60, 2472.60, 2472.60, 2472.60
07/07/92, 2493.70, 2493.70, 2493.70, 2493.70
07/06/92, 2469.00, 2469.00, 2469.00, 2469.00
07/03/92, 2497.10, 2497.10, 2497.10, 2497.10
07/02/92, 2476.10, 2476.10, 2476.10, 2476.10
07/01/92, 2493.90, 2493.90, 2493.90, 2493.90
06/30/92, 2521.20, 2521.20, 2521.20, 2521.20
06/29/92, 2515.80, 2515.80, 2515.80, 2515.80
06/26/92, 2534.10, 2534.10, 2534.10, 2534.10
06/25/92, 2557.30, 2557.30, 2557.30, 2557.30
06/24/92, 2532.60, 2532.60, 2532.60, 2532.60
06/23/92, 2560.60, 2560.60, 2560.60, 2560.60
06/22/92, 2550.30, 2550.30, 2550.30, 2550.30
06/19/92, 2584.80, 2584.80, 2584.80, 2584.80
06/18/92, 2562.70, 2562.70, 2562.70, 2562.70
06/17/92, 2598.40, 2598.40, 2598.40, 2598.40
06/16/92, 2616.30, 2616.30, 2616.30, 2616.30
06/15/92, 2593.60, 2593.60, 2593.60, 2593.60
06/12/92, 2603.70, 2603.70, 2603.70, 2603.70
06/11/92, 2614.10, 2614.10, 2614.10, 2614.10
06/10/92, 2636.10, 2636.10, 2636.10, 2636.10
06/09/92, 2635.40, 2635.40, 2635.40, 2635.40
06/08/92, 2645.80, 2645.80, 2645.80, 2645.80
06/05/92, 2668.50, 2668.50, 2668.50, 2668.50
06/04/92, 2681.90, 2681.90, 2681.90, 2681.90
06/03/92, 2680.90, 2680.90, 2680.90, 2680.90
06/02/92, 2705.90, 2705.90, 2705.90, 2705.90
06/01/92, 2697.60, 2697.60, 2697.60, 2697.60
05/29/92, 2707.60, 2707.60, 2707.60, 2707.60
05/28/92, 2694.20, 2694.20, 2694.20, 2694.20
05/27/92, 2698.60, 2698.60, 2698.60, 2698.60
05/26/92, 2704.60, 2704.60, 2704.60, 2704.60
05/22/92, 2715.00, 2715.00, 2715.00, 2715.00
05/21/92, 2702.00, 2702.00, 2702.00, 2702.00
05/20/92, 2711.90, 2711.90, 2711.90, 2711.90
05/19/92, 2700.60, 2700.60, 2700.60, 2700.60
05/18/92, 2703.60, 2703.60, 2703.60, 2703.60
05/15/92, 2682.60, 2682.60, 2682.60, 2682.60
05/14/92, 2694.70, 2694.70, 2694.70, 2694.70
05/13/92, 2720.50, 2720.50, 2720.50, 2720.50
05/12/92, 2722.40, 2722.40, 2722.40, 2722.40
05/11/92, 2737.80, 2737.80, 2737.80, 2737.80
05/08/92, 2725.70, 2725.70, 2725.70, 2725.70
05/07/92, 2701.90, 2701.90, 2701.90, 2701.90
05/06/92, 2698.70, 2698.70, 2698.70, 2698.70
05/05/92, 2662.20, 2662.20, 2662.20, 2662.20
05/01/92, 2659.80, 2659.80, 2659.80, 2659.80
04/30/92, 2654.10, 2654.10, 2654.10, 2654.10
04/29/92, 2664.90, 2664.90, 2664.90, 2664.90
04/28/92, 2651.00, 2651.00, 2651.00, 2651.00
04/27/92, 2658.20, 2658.20, 2658.20, 2658.20
04/24/92, 2643.00, 2643.00, 2643.00, 2643.00
04/23/92, 2609.80, 2609.80, 2609.80, 2609.80
04/22/92, 2607.80, 2607.80, 2607.80, 2607.80
04/21/92, 2625.80, 2625.80, 2625.80, 2625.80
04/16/92, 2638.60, 2638.60, 2638.60, 2638.60
04/15/92, 2640.20, 2640.20, 2640.20, 2640.20
04/14/92, 2600.50, 2600.50, 2600.50, 2600.50
04/13/92, 2591.00, 2591.00, 2591.00, 2591.00
04/10/92, 2572.60, 2572.60, 2572.60, 2572.60
04/09/92, 2436.40, 2436.40, 2436.40, 2436.40
04/08/92, 2393.20, 2393.20, 2393.20, 2393.20
04/07/92, 2404.20, 2404.20, 2404.20, 2404.20
04/06/92, 2400.90, 2400.90, 2400.90, 2400.90
04/03/92, 2382.70, 2382.70, 2382.70, 2382.70
04/02/92, 2405.40, 2405.40, 2405.40, 2405.40
04/01/92, 2408.60, 2408.60, 2408.60, 2408.60
03/31/92, 2440.10, 2440.10, 2440.10, 2440.10
03/30/92, 2452.90, 2452.90, 2452.90, 2452.90
03/27/92, 2447.90, 2447.90, 2447.90, 2447.90
03/26/92, 2472.20, 2472.20, 2472.20, 2472.20
03/25/92, 2464.90, 2464.90, 2464.90, 2464.90
03/24/92, 2458.70, 2458.70, 2458.70, 2458.70
03/23/92, 2441.00, 2441.00, 2441.00, 2441.00
03/20/92, 2456.60, 2456.60, 2456.60, 2456.60
03/19/92, 2467.60, 2467.60, 2467.60, 2467.60
03/18/92, 2464.70, 2464.70, 2464.70, 2464.70
03/17/92, 2491.20, 2491.20, 2491.20, 2491.20
03/16/92, 2470.70, 2470.70, 2470.70, 2470.70
03/13/92, 2476.00, 2476.00, 2476.00, 2476.00
03/12/92, 2493.30, 2493.30, 2493.30, 2493.30
03/11/92, 2522.40, 2522.40, 2522.40, 2522.40
03/10/92, 2574.80, 2574.80, 2574.80, 2574.80
03/09/92, 2550.70, 2550.70, 2550.70, 2550.70
03/06/92, 2533.10, 2533.10, 2533.10, 2533.10
03/05/92, 2538.30, 2538.30, 2538.30, 2538.30
03/04/92, 2558.40, 2558.40, 2558.40, 2558.40
03/03/92, 2565.40, 2565.40, 2565.40, 2565.40
03/02/92, 2554.30, 2554.30, 2554.30, 2554.30
02/28/92, 2562.10, 2562.10, 2562.10, 2562.10
02/27/92, 2562.00, 2562.00, 2562.00, 2562.00
02/26/92, 2565.00, 2565.00, 2565.00, 2565.00
02/25/92, 2546.80, 2546.80, 2546.80, 2546.80
02/24/92, 2559.70, 2559.70, 2559.70, 2559.70
02/21/92, 2542.30, 2542.30, 2542.30, 2542.30
02/20/92, 2543.40, 2543.40, 2543.40, 2543.40
02/19/92, 2536.70, 2536.70, 2536.70, 2536.70
02/18/92, 2555.90, 2555.90, 2555.90, 2555.90
02/17/92, 2541.00, 2541.00, 2541.00, 2541.00
02/14/92, 2513.90, 2513.90, 2513.90, 2513.90
02/13/92, 2522.60, 2522.60, 2522.60, 2522.60
02/12/92, 2523.70, 2523.70, 2523.70, 2523.70
02/11/92, 2537.10, 2537.10, 2537.10, 2537.10
02/10/92, 2538.40, 2538.40, 2538.40, 2538.40
02/07/92, 2517.20, 2517.20, 2517.20, 2517.20
02/06/92, 2534.30, 2534.30, 2534.30, 2534.30
02/05/92, 2547.10, 2547.10, 2547.10, 2547.10
02/04/92, 2556.80, 2556.80, 2556.80, 2556.80
02/03/92, 2560.20, 2560.20, 2560.20, 2560.20
01/31/92, 2571.20, 2571.20, 2571.20, 2571.20
01/30/92, 2550.80, 2550.80, 2550.80, 2550.80
01/29/92, 2546.50, 2546.50, 2546.50, 2546.50
01/28/92, 2552.00, 2552.00, 2552.00, 2552.00
01/27/92, 2539.90, 2539.90, 2539.90, 2539.90
01/24/92, 2510.40, 2525.30, 2525.30, 2510.40
01/23/92, 2525.30, 2525.30, 2525.30, 2525.30
01/22/92, 2522.00, 2522.00, 2522.00, 2522.00
01/21/92, 2543.40, 2543.40, 2543.40, 2543.40
01/20/92, 2544.90, 2544.90, 2544.90, 2544.90
01/17/92, 2536.70, 2536.70, 2536.70, 2536.70
01/16/92, 2541.60, 2541.60, 2541.60, 2541.60
01/15/92, 2537.10, 2537.10, 2537.10, 2537.10
01/14/92, 2516.30, 2516.30, 2516.30, 2516.30
01/13/92, 2490.10, 2490.10, 2490.10, 2490.10
01/10/92, 2477.90, 2477.90, 2477.90, 2477.90
01/09/92, 2497.90, 2497.90, 2497.90, 2497.90
01/08/92, 2467.10, 2467.10, 2467.10, 2467.10
01/07/92, 2482.90, 2482.90, 2482.90, 2482.90
01/06/92, 2493.20, 2493.20, 2493.20, 2493.20
01/03/92, 2504.10, 2504.10, 2504.10, 2504.10
01/02/92, 2492.80, 2492.80, 2492.80, 2492.80