Date,Open,High,Low,Close
1992-01-02,1602.3,1608.1,1600.5,1601.9
1992-01-03,1610.1,1610.4,1603.6,1603.6
1992-01-06,1609.6,1610.4,1603,1603.3
1992-01-07,1598.6,1599.6,1590.9,1592.5
1992-01-08,1584.5,1584.5,1577.4,1578.7
1992-01-09,1583.6,1592.2,1582.9,1589.8
1992-01-10,1605.7,1617.6,1601.6,1615.7
1992-01-13,1619.1,1627.8,1613.7,1622.7
1992-01-14,1629.2,1631,1621.9,1628.5
1992-01-15,1646.1,1670.9,1646.1,1667.5
1992-01-16,1662.1,1669.8,1658,1666.3
1992-01-17,1662.1,1678,1658,1671
1992-01-20,1662.8,1681.3,1661.2,1677.2
1992-01-21,1691.8,1698.1,1685.3,1685.3
1992-01-22,1680.9,1688.2,1676.3,1680.1
1992-01-23,1685.2,1686.5,1667.5,1669.6
1992-01-24,1685.2,1686.5,1662.6,1664.8
1992-01-27,1672.8,1687,1672.8,1683.6
1992-01-28,1688.3,1688.5,1679.6,1683.1
1992-01-29,1684.3,1684.8,1669.3,1672.4
1992-01-30,1668.6,1682.9,1666,1680.9
1992-01-31,1680.9,1688.9,1666,1687.5
1992-02-03,1688.2,1698.7,1686,1689
1992-02-04,1681.3,1681.6,1674.6,1674.6
1992-02-05,1677,1687.6,1675.7,1686.6
1992-02-06,1700.9,1702.7,1681.1,1681.1
1992-02-07,1686,1686,1680.4,1685.5
1992-02-10,1680.8,1682.9,1674.6,1682.1
1992-02-11,1687.5,1687.9,1683.6,1683.6
1992-02-12,1676.8,1679.4,1671.6,1678.9
1992-02-13,1683.4,1685.8,1678.3,1681.4
1992-02-14,1677.8,1677.9,1675.7,1676.5
1992-02-17,1676.9,1682.1,1676.9,1681.1
1992-02-18,1690,1697.5,1688.6,1695
1992-02-19,1693.2,1696.8,1687.6,1687.8
1992-02-20,1695.2,1703.8,1695.2,1703.2
1992-02-21,1703.2,1718.6,1703.2,1717.6
1992-02-24,1715.5,1732.9,1713.1,1729.1
1992-02-25,1738.3,1738.9,1721.3,1722.3
1992-02-26,1726.4,1737.4,1726.4,1737.3
1992-02-27,1745.2,1751.2,1743.5,1749.9
1992-02-28,1745.2,1751.2,1743.5,1745.1
1992-03-02,1743.3,1748.6,1741.8,1747.9
1992-03-03,1753.4,1764.7,1753.4,1763.3
1992-03-04,1768.2,1772.2,1755.6,1759.1
1992-03-05,1754.8,1765.5,1753.1,1764.8
1992-03-06,1752.3,1752.3,1745.9,1746
1992-03-09,1739.9,1751.5,1739.4,1750.3
1992-03-10,1754.5,1757.2,1748.5,1750.5
1992-03-11,1746.3,1746.4,1739.7,1743.4
1992-03-12,1735.8,1735.8,1726.8,1727.5
1992-03-13,1728.2,1732.6,1725.4,1732.6
1992-03-16,1721.2,1725.6,1720.8,1724.8
1992-03-17,1728.6,1733.2,1728.4,1730.1
1992-03-18,1732.7,1737.8,1732.2,1732.2
1992-03-19,1725.8,1727.4,1722.1,1724.6
1992-03-20,1725.8,1740.9,1722.1,1736.3
1992-03-23,1728.4,1728.4,1715.2,1717.5
1992-03-24,1705,1715,1704,1713.1
1992-03-25,1715.8,1721.4,1714.9,1716.3
1992-03-26,1723.7,1723.7,1716.4,1719
1992-03-27,1718.6,1718.6,1708.6,1711.5
1992-03-30,1703.9,1710.4,1700.3,1710.3
1992-03-31,1712.6,1717.9,1712.6,1717.9
1992-04-01,1711.4,1714.3,1707.3,1707.3
1992-04-02,1713,1721.7,1712.1,1721.7
1992-04-03,1723.8,1725.5,1718.4,1719.6
1992-04-06,1720.9,1735.9,1719.9,1734.6
1992-04-07,1738.7,1745.9,1738,1739.4
1992-04-08,1725.8,1725.8,1717,1720
1992-04-09,1716.2,1720.3,1710.2,1720.3
1992-04-10,1730.4,1738.5,1730.4,1736.1
1992-04-13,1735.5,1741.4,1727.7,1727.7
1992-04-14,1733.6,1736.3,1731.2,1732.5
1992-04-15,1739.9,1745.1,1739.9,1743.8
1992-04-16,1745.7,1750.4,1745.6,1749.2
1992-04-21,1744.7,1749.5,1742.8,1746.5
1992-04-22,1751.2,1756.3,1751.1,1753.3
1992-04-23,1758,1760.4,1751.8,1752.4
1992-04-24,1746.5,1748.5,1743.6,1745.7
1992-04-27,1738.1,1742.2,1735,1742.2
1992-04-28,1739.4,1739.9,1734.9,1735.9
1992-04-29,1736.3,1738.9,1730.6,1735.9
1992-04-30,1729.8,1734.2,1726.1,1734
1992-05-04,1729,1731.6,1725.6,1728.3
1992-05-05,1727.7,1732.7,1724.8,1732.6
1992-05-06,1740,1747.3,1740,1743.5
1992-05-07,1748.9,1752.4,1748.6,1750.8
1992-05-08,1750.4,1751.9,1746.9,1748.2
1992-05-11,1751.3,1756.6,1750.9,1753
1992-05-12,1753.8,1753.8,1748.3,1751.2
1992-05-13,1753,1754.9,1747.9,1749.4
1992-05-14,1742.3,1744.3,1740.1,1742.3
1992-05-15,1732.9,1733.2,1720.4,1724.1
1992-05-18,1744.7,1759.4,1744.7,1758.4
1992-05-19,1761.2,1764.5,1758.8,1763.3
1992-05-20,1778.6,1789.4,1778.6,1787.5
1992-05-21,1786.1,1790.4,1784.3,1785.5
1992-05-22,1797,1803.4,1796.8,1803
1992-05-25,1800.7,1811.9,1798.8,1811.6
1992-05-26,1813.7,1814.6,1802.2,1806.7
1992-05-27,1800.9,1800.9,1790.6,1794.1
1992-05-29,1798,1803.8,1798,1803.2
1992-06-01,1803.4,1803.4,1794.5,1798.1
1992-06-02,1796.4,1801.6,1794.5,1801.4
1992-06-03,1800.2,1801.8,1788.6,1788.6
1992-06-04,1778.9,1794.5,1776.6,1792.3
1992-06-05,1795.2,1796.6,1788.3,1789.1
1992-06-09,1787.3,1789,1784.5,1786.3
1992-06-10,1778.4,1789.8,1777,1789.8
1992-06-11,1787.7,1791,1780.1,1781.8
1992-06-12,1782.7,1783.9,1780.9,1782.3
1992-06-15,1779.4,1780.2,1773.5,1773.9
1992-06-16,1778.2,1780.4,1775.9,1779.1
1992-06-17,1771,1773.2,1770.8,1771.8
1992-06-19,1767.5,1774.7,1765.9,1772.9
1992-06-22,1769.6,1773.8,1768.7,1770.6
1992-06-23,1774.1,1777.4,1770.5,1771.1
1992-06-24,1768.5,1769.6,1765.7,1768.5
1992-06-25,1770.6,1773.4,1764.9,1764.9
1992-06-26,1758.2,1758.3,1752.3,1754.1
1992-06-29,1755.5,1762,1755.5,1757.1
1992-06-30,1759,1759.3,1745.2,1752.6
1992-07-01,1751.8,1758.2,1749.9,1756.3
1992-07-02,1762.3,1769.3,1762.3,1768.6
1992-07-03,1771.2,1777,1761.6,1777
1992-07-06,1776,1779.5,1771.4,1772.4
1992-07-07,1772,1772.8,1762.8,1767.5
1992-07-08,1758.3,1758.7,1748.6,1751.2
1992-07-09,1748.9,1757.7,1746.8,1757.6
1992-07-10,1757.3,1757.7,1752,1754.5
1992-07-13,1739.7,1741,1735,1736.5
1992-07-14,1736.8,1738.1,1731.1,1734.1
1992-07-15,1737.1,1740.1,1733.7,1734.6
1992-07-16,1735.3,1744,1734.8,1740.5
1992-07-17,1724.9,1724.9,1702.1,1702.7
1992-07-20,1683.6,1686.7,1647.9,1649.7
1992-07-21,1650.2,1662.7,1644,1659.8
1992-07-22,1644,1644,1626,1628.2
1992-07-23,1638.5,1647.5,1619.6,1623.4
1992-07-24,1625.3,1625.8,1607.6,1610.4
1992-07-27,1602.6,1618.1,1602.6,1618.1
1992-07-28,1609.3,1620.5,1607.7,1610.6
1992-07-29,1613.8,1634.5,1613.1,1628.2
1992-07-30,1631.1,1632.1,1622,1624
1992-07-31,1623.5,1624,1607.5,1615.4
1992-08-03,1602,1602,1590.5,1594.7
1992-08-04,1613.3,1617.4,1606.4,1611.5
1992-08-05,1606.3,1628.8,1602.3,1628.8
1992-08-06,1632.7,1632.8,1615,1621.2
1992-08-07,1613.8,1614.6,1609.3,1609.5
1992-08-10,1600.6,1600.6,1581.4,1582.6
1992-08-11,1573.8,1573.8,1551.4,1564.6
1992-08-12,1564.7,1564.7,1553,1553
1992-08-13,1533.5,1546.8,1526.4,1541
1992-08-14,1540.9,1556.2,1537.7,1547.8
1992-08-17,1557.8,1563.5,1552.6,1555.4
1992-08-18,1539.3,1539.3,1528.3,1533.2
1992-08-19,1525.9,1534.3,1520.6,1524.7
1992-08-20,1534.4,1536.1,1512.7,1513.1
1992-08-21,1519.9,1521.9,1510.5,1520
1992-08-24,1510.9,1510.9,1494.5,1498.7
1992-08-25,1498.5,1498.7,1460.6,1468.9
1992-08-26,1478,1478,1466,1473.3
1992-08-27,1492.3,1514.9,1492.3,1513.4
1992-08-28,1504.3,1516.5,1495.3,1516.5
1992-08-31,1530.4,1544.9,1524.9,1541.3
1992-09-01,1519.3,1528.4,1518.6,1518.7
1992-09-02,1506.6,1508.1,1497.4,1506.7
1992-09-03,1523.5,1534.5,1523.5,1530.8
1992-09-04,1541,1545.1,1531.8,1536.5
1992-09-07,1542.8,1545.2,1533.8,1540.6
1992-09-08,1542.1,1554.5,1542,1544.6
1992-09-09,1534.4,1536.9,1522,1525.3
1992-09-10,1527.4,1529,1513.1,1528.3
1992-09-11,1529.2,1530.4,1521.1,1527.8
1992-09-14,1577.6,1596.5,1569.8,1595
1992-09-15,1596.1,1596.1,1581.7,1587.6
1992-09-16,1566.2,1584.6,1556.9,1584.6
1992-09-17,1588.1,1593.5,1576.9,1578.7
1992-09-18,1579.7,1598.2,1578.7,1589.3
1992-09-21,1579.4,1582.7,1571.3,1573.9
1992-09-22,1559.7,1562.9,1549.9,1550.3
1992-09-23,1549.9,1563.6,1549.6,1557.8
1992-09-24,1540.6,1540.6,1523.6,1530.9
1992-09-25,1515.5,1517.5,1506.4,1513.4
1992-09-28,1488.6,1488.6,1468.9,1475
1992-09-29,1467.9,1479.2,1464.5,1476.3
1992-09-30,1488,1488,1463.3,1466.4
1992-10-01,1468.2,1486.1,1463.2,1484
1992-10-02,1480.7,1485.5,1474.3,1478
1992-10-05,1455.3,1455.3,1424.2,1424.4
1992-10-06,1419,1427.4,1413.7,1420.3
1992-10-07,1416.4,1439.8,1416.4,1436.1
1992-10-08,1453,1454.3,1444.1,1451.1
1992-10-09,1449.8,1450.1,1439.1,1439.7
1992-10-12,1425.7,1432.5,1415.9,1432.5
1992-10-13,1454.4,1465.9,1453.3,1465.5
1992-10-14,1457.1,1459.9,1448.1,1458.5
1992-10-15,1448.8,1462.6,1446.5,1453.4
1992-10-16,1458.4,1465.4,1457.8,1461.6
1992-10-19,1460.7,1480.4,1460.7,1479.1
1992-10-20,1495.7,1512.2,1495.7,1511.6
1992-10-21,1511.6,1511.6,1498.4,1503.9
1992-10-22,1493.5,1511.1,1489.9,1510.1
1992-10-23,1524.6,1528.2,1515.3,1526.8
1992-10-26,1531.5,1542.5,1528.7,1542.5
1992-10-27,1529.5,1534,1524.4,1533.8
1992-10-28,1530.5,1533.5,1507.8,1510.3
1992-10-29,1495.9,1500.6,1484.4,1493.6
1992-10-30,1494.7,1495.7,1486.8,1492.3
1992-11-02,1479.4,1480.1,1469.2,1472.6
1992-11-03,1483.6,1494.9,1483.6,1485
1992-11-04,1472.1,1477.1,1466.7,1472.7
1992-11-05,1469,1481.6,1466.7,1480.9
1992-11-06,1483.8,1487.3,1479.3,1487.2
1992-11-09,1497.6,1511.8,1497.6,1508.8
1992-11-10,1505.4,1519.4,1504.6,1519.1
1992-11-11,1524.2,1526,1510.2,1512.2
1992-11-12,1520.7,1540.1,1515.2,1535.4
1992-11-13,1537,1557.8,1535.1,1548.5
1992-11-16,1536.8,1555.8,1535.7,1547
1992-11-17,1554.8,1560.7,1545.1,1545.1
1992-11-19,1546.5,1559.5,1546.1,1551.7
1992-11-20,1549.5,1549.5,1539,1544.8
1992-11-23,1550.5,1551.3,1530.9,1530.9
1992-11-24,1515.9,1522.6,1510.3,1510.3
1992-11-25,1514.1,1527,1514.1,1517.7
1992-11-26,1517.1,1530.6,1517.1,1523.2
1992-11-27,1525.2,1530,1522.4,1523
1992-11-30,1538,1544.4,1536.7,1544.3
1992-12-01,1545.8,1546,1538.1,1544.9
1992-12-02,1541.2,1545.9,1534,1534
1992-12-03,1537.8,1539.3,1525.7,1532.5
1992-12-04,1524.4,1528.9,1521.1,1522.2
1992-12-07,1527.3,1530.1,1523.8,1525.3
1992-12-08,1517.9,1521.7,1504.5,1508.2
1992-12-09,1503.8,1510,1492.7,1500.6
1992-12-10,1503.8,1507.3,1489.8,1494.5
1992-12-11,1473.7,1476.4,1462,1476
1992-12-14,1469.6,1474.1,1462.2,1469.8
1992-12-15,1479.5,1488.1,1479.5,1481.2
1992-12-16,1473.1,1475.6,1468.5,1472.1
1992-12-17,1474.8,1476.3,1472.8,1476.2
1992-12-18,1482.1,1492,1477,1492
1992-12-21,1506.9,1517.9,1505.3,1515.6
1992-12-22,1522.7,1529.8,1518.3,1523.6
1992-12-23,1521.3,1527.2,1517.6,1527
1992-12-28,1536.3,1544.8,1536.3,1544.6
1992-12-29,1544.9,1544.9,1535.9,1542.2
1992-12-30,1538.3,1545.1,1532.9,1545.1
1993-01-04,1533.1,1538.1,1530.5,1531.3
1993-01-05,1548,1559,1548,1556.4
1993-01-06,1560.3,1560.6,1545.9,1556.4
1993-01-07,1546.3,1548.2,1541.4,1542.5
1993-01-08,1540.6,1541.9,1531.2,1531.5
1993-01-11,1526.7,1535.3,1524.6,1532
1993-01-12,1527.3,1530.2,1522.6,1530.2
1993-01-13,1529.6,1531.5,1514.3,1516.5
1993-01-14,1521,1526.4,1520.2,1523.7
1993-01-15,1540.8,1548.7,1540.8,1544.6
1993-01-18,1559.8,1573.4,1558.2,1573.1
1993-01-19,1576.1,1585.4,1576.1,1578.8
1993-01-20,1586.9,1587.9,1572.1,1574.9
1993-01-21,1577.6,1582.7,1573.5,1573.7
1993-01-22,1588,1590.8,1585.3,1587.6
1993-01-25,1582.2,1582.2,1566.4,1569.2
1993-01-26,1566.8,1578.1,1563.6,1576.2
1993-01-27,1571,1572.5,1562.3,1562.3
1993-01-28,1561,1567.8,1556.4,1567.8
1993-01-29,1571.3,1576,1569.1,1571.9
1993-02-01,1582.4,1587.8,1582,1585.2
1993-02-02,1587.2,1589.7,1581.5,1583.1
1993-02-03,1595.1,1602.3,1594.1,1601.5
1993-02-04,1605.1,1612.6,1601.6,1601.6
1993-02-05,1635.7,1646.4,1635.7,1641.4
1993-02-08,1643.8,1647.2,1637.2,1647.2
1993-02-09,1642.3,1644.8,1637.5,1641.6
1993-02-10,1649.8,1656.8,1648.1,1649.8
1993-02-11,1651.2,1652.1,1645.5,1651.1
1993-02-12,1655.1,1665.2,1655.1,1661.4
1993-02-15,1656.8,1664.9,1655.8,1664.7
1993-02-16,1670.1,1673.5,1661.2,1664.2
1993-02-17,1649.4,1656.7,1645.7,1653.3
1993-02-18,1663.5,1673.3,1661.9,1672.3
1993-02-19,1672.4,1682.3,1669.2,1677.4
1993-02-22,1681,1681.4,1675.3,1680.7
1993-02-23,1680.4,1680.4,1661.3,1661.6
1993-02-24,1648.1,1651.9,1644.1,1644.2
1993-02-25,1652.1,1659.4,1651.5,1658.9
1993-02-26,1671.6,1684.4,1671.6,1684.4
1993-03-01,1695.8,1705.9,1695.8,1701
1993-03-02,1693.5,1696.8,1689.6,1696.7
1993-03-03,1702.6,1709.9,1692.6,1693.7
1993-03-04,1694.6,1697,1682.2,1687.4
1993-03-05,1693.4,1697.1,1680.8,1682.8
1993-03-08,1678.9,1696.1,1678.5,1694.8
1993-03-09,1703.8,1715.2,1703.8,1713.1
1993-03-10,1707.7,1717,1707.6,1709.7
1993-03-11,1706.9,1718.2,1705,1717.4
1993-03-12,1710.8,1713.8,1704.5,1707.1
1993-03-15,1702.1,1711.3,1699.3,1702.6
1993-03-16,1702.1,1704.1,1695,1697.8
1993-03-17,1701.6,1704.1,1684.3,1685.1
1993-03-18,1686.1,1698.6,1686.1,1696.2
1993-03-19,1693.1,1700.9,1691.5,1698.8
1993-03-22,1679.3,1679.3,1657.1,1661.4
1993-03-23,1655.8,1662.8,1648.2,1648.4
1993-03-24,1646.9,1662.1,1645.1,1659.5
1993-03-25,1668.2,1671.9,1655.8,1657.2
1993-03-26,1667.9,1670.8,1661.2,1661.3
1993-03-29,1667.6,1676.5,1667.6,1674.9
1993-03-30,1678.7,1687.2,1676.1,1685.1
1993-03-31,1685.3,1689.8,1682.3,1684.2
1993-04-01,1677.6,1679.4,1671.2,1671.5
1993-04-02,1664.7,1667.1,1659.3,1661.8
1993-04-05,1657.4,1660.8,1652,1658.7
1993-04-06,1664.5,1667.3,1661.8,1665.4
1993-04-07,1661,1661,1650.3,1650.3
1993-04-08,1655.1,1658.6,1655.1,1655.7
1993-04-13,1669.1,1676.2,1669,1671.1
1993-04-14,1666.8,1672.6,1664.6,1672.4
1993-04-15,1678.6,1683.6,1675.2,1675.2
1993-04-16,1676.8,1678.9,1675.4,1678.9
1993-04-19,1686.5,1694.6,1686.5,1693.3
1993-04-20,1691.3,1692.2,1686.8,1687.1
1993-04-21,1678.2,1678.2,1666.3,1666.9
1993-04-22,1670.5,1670.5,1659.9,1666.7
1993-04-23,1668.5,1669.1,1654.4,1657.1
1993-04-26,1642.7,1651.6,1637.1,1649.8
1993-04-27,1655.3,1656.8,1639.1,1640.8
1993-04-28,1638.6,1638.8,1622.4,1628.9
1993-04-29,1621.8,1632.5,1616.1,1623.9
1993-04-30,1629.3,1631,1624.3,1627.2
1993-05-03,1620.3,1629.8,1617.4,1629.2
1993-05-04,1632.8,1636.8,1627.3,1627.4
1993-05-05,1614.5,1624.2,1613.2,1623.2
1993-05-06,1628.4,1635.1,1623.1,1623.3
1993-05-07,1618.7,1620.8,1611.8,1611.9
1993-05-10,1606.2,1611.1,1600.7,1609
1993-05-11,1611,1617.3,1609.2,1616.2
1993-05-12,1619.9,1631.7,1619.6,1629.5
1993-05-13,1633.4,1641.6,1633.4,1639.8
1993-05-14,1633.8,1636.3,1629.6,1634.5
1993-05-17,1631.8,1633.5,1627.9,1627.9
1993-05-18,1632.8,1636.1,1628.4,1628.5
1993-05-19,1662.9,1662.9,1615.9,1617.4
1993-05-21,1611.3,1614.4,1607.4,1610.6
1993-05-24,1604.2,1611.2,1602.8,1603.1
1993-05-25,1614.1,1618.2,1612.5,1618.2
1993-05-26,1619.8,1625.9,1617.6,1622
1993-05-27,1628.4,1635.2,1628.4,1634.5
1993-05-28,1628.9,1634.8,1628.2,1631.9
1993-06-01,1624.9,1625.2,1616.6,1619.9
1993-06-02,1623,1626.1,1619.4,1625.2
1993-06-03,1623.6,1629.6,1622.6,1629.6
1993-06-04,1633,1640.8,1633,1637.9
1993-06-07,1645.4,1657.7,1645.4,1655.6
1993-06-08,1662.4,1667.5,1661.6,1661.6
1993-06-09,1668.3,1674.9,1668.3,1673.1
1993-06-11,1678.3,1681,1674.7,1681
1993-06-14,1688.7,1693.3,1688.3,1692
1993-06-15,1682.3,1686.7,1679.5,1684.1
1993-06-16,1692,1693.6,1687,1689.6
1993-06-17,1692.9,1694.7,1691.5,1692.3
1993-06-18,1692.1,1692.5,1686.6,1686.9
1993-06-21,1682.1,1690.9,1676.1,1689.8
1993-06-22,1697.3,1703.7,1697.3,1698.1
1993-06-23,1704.2,1712.2,1695.7,1699.4
1993-06-24,1696.8,1696.8,1685.2,1686.3
1993-06-25,1691,1698,1689,1695.2
1993-06-28,1702.4,1707.8,1702.4,1707.2
1993-06-29,1707,1709,1702.7,1708.3
1993-06-30,1705.1,1705.1,1695.1,1697.6
1993-07-01,1705.5,1715.3,1704.5,1706.6
1993-07-02,1704.1,1706.9,1695.8,1697.8
1993-07-05,1692.1,1692.9,1687.3,1692.2
1993-07-06,1696.3,1700.9,1696.3,1700.9
1993-07-07,1704.8,1719.8,1702.4,1719.8
1993-07-08,1755.9,1783.8,1755.9,1783.7
1993-07-09,1802.7,1804.6,1790.3,1797.4
1993-07-12,1803.7,1818.5,1801.9,1818.2
1993-07-13,1812.1,1812.1,1798,1807.2
1993-07-14,1809.4,1821.3,1809.4,1811.6
1993-07-15,1818.7,1820.8,1807.7,1807.7
1993-07-16,1808.7,1817.5,1806.1,1813.5
1993-07-19,1829.1,1841.2,1829.1,1836.3
1993-07-20,1831.9,1844.5,1831.9,1839
1993-07-21,1828.1,1828.1,1815.9,1823.8
1993-07-22,1823.7,1830.2,1823.5,1823.5
1993-07-23,1827.2,1833.4,1826.5,1830.8
1993-07-26,1842,1854.8,1842,1854.5
1993-07-27,1849.5,1853.3,1843,1845.2
1993-07-28,1846.9,1846.9,1833.9,1833.9
1993-07-29,1834.8,1835.8,1826.3,1833.7
1993-07-30,1834.8,1835,1800,1803.2
1993-08-02,1795.4,1823.6,1795.4,1815.1
1993-08-03,1826.6,1845.7,1826.6,1843.4
1993-08-04,1866.2,1880.2,1860.3,1860.6
1993-08-05,1856.3,1867.5,1845.7,1860.7
1993-08-06,1868.2,1879.2,1867.5,1869.4
1993-08-09,1870.1,1876.2,1869.2,1872.3
1993-08-10,1878.1,1879.5,1865.2,1865.2
1993-08-11,1867.5,1878.6,1865.7,1865.8
1993-08-12,1899.5,1907.5,1897.4,1905
1993-08-13,1901.1,1908.4,1894.9,1906.6
1993-08-16,1921.9,1931.4,1912.1,1912.2
1993-08-17,1897.6,1910.5,1895.8,1910.2
1993-08-18,1921.1,1936.3,1919.6,1935.7
1993-08-19,1936.8,1946.4,1929.6,1939
1993-08-20,1931.2,1931.2,1922.7,1922.7
1993-08-23,1905.9,1905.9,1888.3,1888.3
1993-08-24,1899,1906.5,1892.2,1897.7
1993-08-25,1912,1921.7,1912,1917.8
1993-08-26,1909.9,1914.7,1897,1901.2
1993-08-27,1891,1908.5,1887.8,1904.6
1993-08-30,1916.1,1922.5,1914.3,1921.9
1993-08-31,1934.2,1944.9,1934.2,1944.9
1993-09-01,1938.4,1938.5,1918.6,1918.6
1993-09-02,1913.1,1925.6,1908.6,1925.6
1993-09-03,1937.7,1943.1,1925.2,1925.2
1993-09-06,1912.3,1916,1905.8,1910.3
1993-09-07,1911.2,1911.2,1885.9,1886
1993-09-08,1869.3,1885.8,1865.4,1885.3
1993-09-09,1874.6,1886.9,1871.9,1880.8
1993-09-10,1874.2,1880.1,1861.4,1861.4
1993-09-13,1869.3,1877.4,1869.3,1872.6
1993-09-14,1878.9,1884.8,1876.8,1880.6
1993-09-15,1874,1874,1860.2,1860.4
1993-09-16,1857.5,1858.8,1852,1855.7
1993-09-17,1867.6,1885,1867.6,1882
1993-09-20,1887.6,1912.9,1887.6,1912.8
1993-09-21,1920.8,1933.1,1917.1,1925.9
1993-09-22,1890.4,1898.5,1884.6,1893
1993-09-23,1912.2,1917.7,1910.4,1916.5
1993-09-24,1894.5,1895.6,1884.7,1885.9
1993-09-27,1910.8,1920.3,1910.8,1912.2
1993-09-28,1913.7,1921.5,1907.7,1913.6
1993-09-29,1911,1916.2,1907.3,1907.7
1993-09-30,1911.4,1919.6,1911.4,1915.7
1993-10-01,1912.9,1915.4,1910,1912.1
1993-10-04,1917.5,1927.7,1917.5,1923.7
1993-10-05,1962.9,1982.8,1962.9,1972.7
1993-10-06,1994.1,1997.7,1980.6,1987.1
1993-10-07,1989.7,2000.4,1987.9,1997
1993-10-08,1986,2005,1983.2,2005
1993-10-11,2014.3,2021.2,2010.3,2011
1993-10-12,2004.9,2005.3,1995.4,1998.6
1993-10-13,2008.3,2012.9,2001.5,2001.5
1993-10-14,1993.5,1993.5,1985.4,1990.1
1993-10-15,2004.6,2018,2004.6,2015
1993-10-18,2030.9,2043.4,2030.9,2033.3
1993-10-19,2033,2034.2,2021.9,2026.8
1993-10-20,2036.3,2042.6,2034,2042.6
1993-10-21,2028.2,2040.3,2023.2,2034.7
1993-10-22,2052.5,2067.2,2052.1,2066.2
1993-10-25,2069.3,2075.7,2063.1,2074.4
1993-10-26,2069.5,2074.8,2058.2,2058.7
1993-10-27,2047.8,2049,2040.4,2043.1
1993-10-28,2034.2,2040.8,2032.8,2038.5
1993-10-29,2059.2,2070,2059.2,2069
1993-11-01,2064.7,2065.1,2061.2,2062.1
1993-11-02,2071.8,2097.8,2071.8,2095.6
1993-11-03,2095.2,2101.6,2083.1,2084.4
1993-11-04,2071,2071,2056.3,2062.6
1993-11-05,2019.9,2021.5,2003.8,2012.6
1993-11-08,2024.8,2031.3,2005.4,2010.8
1993-11-09,2012.4,2025.8,2005.8,2022.8
1993-11-10,2027.6,2039.6,2022.2,2023.8
1993-11-11,2023.1,2023.3,2014.9,2023.3
1993-11-12,2012.8,2017.6,2010.9,2015
1993-11-15,2034.3,2051.4,2034.3,2049.1
1993-11-16,2058.4,2076.9,2058.4,2071.7
1993-11-18,2094.9,2099.5,2084,2085.3
1993-11-19,2077.8,2078.8,2070,2077.4
1993-11-22,2055,2055,2030,2030
1993-11-23,2024.4,2041.8,2015.2,2027.4
1993-11-24,2042.7,2045.7,2027.6,2029.6
1993-11-25,2030.7,2049.4,2030.2,2047.7
1993-11-26,2053.2,2054,2044.1,2047.2
1993-11-29,2037.6,2047.1,2037.5,2043.4
1993-11-30,2050.6,2061.5,2050.6,2057.8
1993-12-01,2072.7,2089.9,2072.7,2089.9
1993-12-02,2112.4,2115.6,2104.1,2110.5
1993-12-03,2114.5,2123.1,2114.5,2120.6
1993-12-06,2131.7,2133.3,2117.9,2118.8
1993-12-07,2124.2,2128.6,2113.7,2115.5
1993-12-08,2132.2,2150.3,2132.2,2148.1
1993-12-09,2170.2,2176.1,2162.8,2175.8
1993-12-10,2164.5,2167.6,2156.2,2161.1
1993-12-13,2178.2,2187.3,2171.8,2172.8
1993-12-14,2167.3,2173.8,2147,2150
1993-12-15,2144,2144,2110.4,2110.7
1993-12-16,2139.4,2143.9,2130.6,2137.5
1993-12-17,2142.9,2151,2142.4,2151
1993-12-20,2169.5,2178.2,2166.9,2178.2
1993-12-21,2191.4,2191.7,2175.5,2182.9
1993-12-22,2183.3,2197.9,2183,2197.5
1993-12-23,2210.5,2227.9,2210.5,2222.8
1993-12-27,2240.3,2254,2240.3,2254
1993-12-28,2278.3,2284.6,2219,2242.8
1993-12-29,2233,2233,2211.1,2214.7
1993-12-30,2227.7,2266.7,2227.7,2266.7
1994-01-03,2241.7,2268.9,2236.7,2268
1994-01-04,2262.7,2262.7,2248.5,2253.6
1994-01-05,2255.8,2258.6,2229.3,2233.4
1994-01-06,2211.3,2223.9,2205.5,2220.2
1994-01-07,2207.7,2211.6,2187.3,2211.6
1994-01-10,2231.9,2236.9,2224.2,2233.8
1994-01-11,2223.7,2233.7,2222.8,2228.8
1994-01-12,2222.8,2222.8,2201.6,2209.2
1994-01-13,2179.7,2190,2151.6,2164.7
1994-01-14,2121.7,2149.9,2105.9,2141.8
1994-01-17,2140.4,2154.5,2133.2,2137.4
1994-01-18,2123,2123,2107.3,2113.8
1994-01-19,2130.4,2142.9,2125.1,2134.4
1994-01-20,2134.9,2140.4,2110.7,2116.2
1994-01-21,2090,2090,2071.4,2075.6
1994-01-24,2049.8,2082.9,2035.8,2080
1994-01-25,2113.1,2127.9,2113.1,2126.8
1994-01-26,2116.4,2120.8,2106,2119.2
1994-01-27,2129.5,2139.9,2123.3,2125.1
1994-01-28,2132.3,2138.7,2130.7,2133.5
1994-01-31,2166.4,2177.5,2162.8,2177.5
1994-02-01,2183.5,2198.2,2173.9,2179.7
1994-02-02,2182.7,2187.3,2178.6,2184
1994-02-03,2186.8,2187.9,2151.7,2151.7
1994-02-04,2133,2141.9,2121.8,2138.3
1994-02-07,2091.9,2091.9,2073.5,2079.4
1994-02-08,2094.2,2120.8,2094.2,2107.2
1994-02-09,2088.7,2097.6,2076.3,2085.3
1994-02-10,2105.9,2129.1,2105.9,2119
1994-02-11,2112.7,2114.4,2087.9,2090.6
1994-02-14,2108.7,2122.7,2108.7,2116
1994-02-15,2104.7,2115.6,2097.5,2115.6
1994-02-16,2123.7,2139.4,2123.7,2136.6
1994-02-17,2141.3,2142.1,2127.9,2128.7
1994-02-18,2155.2,2155.9,2147.3,2152
1994-02-21,2119.1,2123.8,2114.1,2119.5
1994-02-22,2114.7,2115.4,2099.6,2107.6
1994-02-23,2123.7,2133,2123.7,2127.7
1994-02-24,2124,2124,2090.3,2090.3
1994-02-25,2075.5,2080.6,2065.5,2075
1994-02-28,2092.2,2095.5,2082.8,2091.6
1994-03-01,2090.5,2091.9,2066.2,2067.1
1994-03-02,2038.2,2038.2,1992.7,2020.3
1994-03-03,2034.1,2055.9,2034.1,2038
1994-03-04,2046.5,2061.2,2044.4,2060.1
1994-03-07,2099.6,2109,2097.6,2109
1994-03-08,2120.8,2128.1,2116.2,2124
1994-03-09,2121.7,2129.7,2115,2115.1
1994-03-10,2133.6,2142.6,2133.3,2141.1
1994-03-11,2112.6,2112.6,2092.8,2103.5
1994-03-14,2133.3,2150.8,2133.3,2145.2
1994-03-15,2165.4,2171.9,2163.9,2165.6
1994-03-16,2184.2,2188.1,2172.1,2172.7
1994-03-17,2171.4,2175.1,2165.7,2175.1
1994-03-18,2164.4,2164.4,2149.9,2155.6
1994-03-21,2126.1,2139.7,2125.1,2131.3
1994-03-22,2149.3,2155.3,2140.8,2141.3
1994-03-23,2161.8,2168.2,2158.6,2161.1
1994-03-24,2152.1,2171.4,2152.1,2161.7
1994-03-25,2146.7,2150.5,2130.1,2130.1
1994-03-28,2142.3,2165.7,2142.3,2161.4
1994-03-29,2174,2175.1,2165.2,2168.4
1994-03-30,2145.7,2147.5,2138.2,2147.5
1994-03-31,2138.4,2138.4,2124.4,2133.1
1994-04-05,2134.1,2160.2,2134.1,2158.3
1994-04-06,2189.7,2194.8,2182.1,2191.2
1994-04-07,2189.8,2205.2,2187.8,2201.4
1994-04-08,2209.9,2219.4,2203.3,2203.4
1994-04-11,2220.4,2234,2220.4,2225.3
1994-04-12,2220,2222.8,2210.6,2210.6
1994-04-13,2205.9,2210.3,2196.3,2209.2
1994-04-14,2209.9,2209.9,2197.2,2198.7
1994-04-15,2204.4,2207.7,2196.9,2200.4
1994-04-18,2223.7,2237.2,2223.7,2228.8
1994-04-19,2220.7,2221.9,2172.3,2172.4
1994-04-20,2189.5,2197.2,2182.6,2182.6
1994-04-21,2191,2201.7,2180,2197
1994-04-22,2208.1,2218.9,2207.9,2213.9
1994-04-25,2209.1,2215.6,2202.1,2202.2
1994-04-26,2226.9,2246,2226.9,2243.2
1994-04-27,2251.6,2259.2,2246.1,2253.6
1994-04-28,2261.2,2263.7,2247,2251.2
1994-04-29,2243.3,2248.3,2235.9,2246
1994-05-02,2261,2272.6,2260.8,2268.7
1994-05-03,2259,2259,2244.2,2252.3
1994-05-04,2249.9,2259.2,2247.8,2249
1994-05-05,2233.4,2238.2,2226.7,2235.8
1994-05-06,2237.3,2246.4,2237,2237
1994-05-09,2222.8,2222.8,2206.9,2218.9
1994-05-10,2229.7,2235.4,2226.3,2235.2
1994-05-11,2247,2250.1,2237.9,2243.6
1994-05-13,2257.4,2258.9,2253.6,2258.8
1994-05-16,2274.7,2282.6,2270.1,2271.1
1994-05-17,2269.1,2269.1,2257.9,2259.7
1994-05-18,2276.9,2279,2267,2267.4
1994-05-19,2258.6,2258.6,2244.7,2247.8
1994-05-20,2243.1,2251.8,2242.6,2249.7
1994-05-24,2215.9,2215.9,2198.7,2198.7
1994-05-25,2195.6,2195.6,2154.4,2158.8
1994-05-26,2144.1,2154,2124.6,2130.3
1994-05-27,2152.4,2158.3,2140.9,2141
1994-05-30,2132.3,2133.3,2110,2118.2
1994-05-31,2114.9,2129.2,2107.9,2127.7
1994-06-01,2131.9,2134.9,2119.7,2129.7
1994-06-03,2123.2,2148.7,2123.2,2148.4
1994-06-06,2163.5,2167.5,2160.5,2163.1
1994-06-07,2157.4,2157.4,2135.1,2135.1
1994-06-08,2132.2,2149.3,2129.6,2145.2
1994-06-09,2138.6,2145.1,2129.2,2129.3
1994-06-10,2133.6,2143,2132.8,2133.1
1994-06-13,2134.5,2135.3,2105.7,2105.8
1994-06-14,2078.5,2078.5,2064.8,2074.7
1994-06-15,2074.4,2085.6,2070.7,2074.7
1994-06-16,2057.1,2061.3,2049.1,2054.9
1994-06-17,2058.1,2063.8,2048,2050.7
1994-06-20,2021.2,2021.2,1959.8,1968.8
1994-06-21,1990.7,1996.3,1977.3,1983.3
1994-06-22,1993.2,2003.5,1983.5,1994.4
1994-06-23,2029.2,2038.5,2021.8,2022.1
1994-06-24,1999.5,2008.7,1996,2005.3
1994-06-27,1986.6,1992.7,1966.8,1988.6
1994-06-28,2018.2,2021.4,2009.7,2018.3
1994-06-29,2034.9,2046.3,2031.3,2046.3
1994-06-30,2049,2051.3,2022.6,2025.3
1994-07-01,2030.3,2040.8,2027.4,2036.5
1994-07-04,2048.4,2056.5,2040.5,2054.4
1994-07-05,2044.9,2044.9,2028.4,2032.7
1994-07-06,2039.6,2047.5,2035.3,2035.7
1994-07-07,2039.8,2050.8,2039.8,2043.9
1994-07-08,2045.4,2051,2044.1,2050.9
1994-07-11,2060.4,2073,2059.6,2065.7
1994-07-12,2060.7,2060.7,2044.8,2048.1
1994-07-13,2054.1,2064.1,2053.6,2054
1994-07-14,2056.8,2058,2053.3,2055.6
1994-07-15,2073.3,2096.7,2073.3,2093.6
1994-07-18,2089.4,2099.9,2085.4,2098.2
1994-07-19,2118.9,2128.8,2114.5,2128.8
1994-07-20,2120.6,2140.1,2114.5,2138.7
1994-07-21,2116.4,2117.2,2108.5,2113.3
1994-07-22,2122.7,2150.3,2122.7,2150.3
1994-07-25,2136.6,2145.4,2132.4,2136.2
1994-07-26,2145.6,2158.4,2145.6,2152
1994-07-27,2148.9,2149.5,2139.5,2140.4
1994-07-28,2129,2129.9,2120.9,2122.8
1994-07-29,2141,2148.2,2141,2146.6
1994-08-01,2150.9,2160,2149.4,2153.8
1994-08-02,2181.7,2186.5,2179.8,2186.4
1994-08-03,2188.6,2200.3,2181.4,2198.9
1994-08-04,2191.3,2191.8,2181.8,2183.4
1994-08-05,2182,2192.4,2182,2184.8
1994-08-08,2178.5,2185.6,2178,2184.7
1994-08-09,2182.3,2182.3,2163.6,2164.2
1994-08-10,2162.6,2163.9,2153.7,2160.4
1994-08-11,2173.3,2177.3,2152.9,2155.3
1994-08-12,2140.7,2140.7,2114.8,2124.7
1994-08-15,2132.9,2141.8,2126.1,2138.8
1994-08-16,2143.6,2145.7,2138.8,2143.1
1994-08-17,2159.5,2170.9,2159.5,2162.3
1994-08-18,2161.1,2161.4,2151.5,2153.6
1994-08-19,2151.1,2151.2,2144,2149.6
1994-08-22,2143.1,2143.1,2123.8,2123.8
1994-08-23,2098.5,2107.9,2086.9,2107.9
1994-08-24,2109,2128.9,2109,2126.4
1994-08-25,2145.8,2156.3,2145.8,2152.2
1994-08-26,2141.9,2161.8,2140.3,2161.5
1994-08-29,2189.4,2204,2189.4,2193.2
1994-08-30,2205.2,2216,2200.1,2210.9
1994-08-31,2208,2218.6,2207.6,2212.9
1994-09-01,2203,2205.4,2187.8,2200.8
1994-09-02,2198.6,2211.9,2198.6,2204.7
1994-09-05,2178.7,2183,2174.5,2174.5
1994-09-06,2169,2177,2162.2,2165.9
1994-09-07,2170.5,2177,2158.7,2163.8
1994-09-08,2170.5,2173.4,2164.6,2172.4
1994-09-09,2177.8,2192.1,2177.8,2185.2
1994-09-12,2152.2,2154.7,2140.7,2154.6
1994-09-13,2147.9,2148.5,2132.9,2136.1
1994-09-14,2140.3,2144.7,2124.1,2124.1
1994-09-15,2127.1,2129.5,2113.5,2114
1994-09-16,2138.7,2138.7,2114.2,2118.7
1994-09-19,2095.8,2108.1,2089.7,2096.8
1994-09-20,2088.3,2088.3,2076.1,2079
1994-09-21,2069,2081.3,2065,2079.5
1994-09-22,2077.2,2085.4,2069.5,2073
1994-09-23,2078.2,2091.3,2076.8,2089.1
1994-09-26,2088.4,2092.5,2066.5,2068.7
1994-09-27,2063.5,2063.5,2052.7,2058.7
1994-09-28,2065.1,2073.9,2063,2068.1
1994-09-29,2043.8,2047.8,2037,2043.6
1994-09-30,2025,2025,2005.6,2011.8
1994-10-04,1991.8,1997.3,1987.5,1995
1994-10-05,1971.2,1971.2,1956.4,1968.7
1994-10-06,1967.1,1971.3,1953.2,1961
1994-10-07,1960.8,1968,1956.5,1960.6
1994-10-10,2002.4,2030.5,2002.4,2024.8
1994-10-11,2055.9,2071.1,2046.8,2071.1
1994-10-12,2075.3,2087.2,2070.8,2077.6
1994-10-13,2074.1,2085.2,2070.7,2082.6
1994-10-14,2098.5,2107.8,2098.2,2105.7
1994-10-17,2138.8,2146.6,2090.4,2090.9
1994-10-18,2076.9,2085.2,2065,2084.8
1994-10-19,2078.5,2079.7,2047.3,2051.2
1994-10-20,2065.2,2071.7,2056.4,2070
1994-10-21,2034.7,2034.7,2020.4,2022.2
1994-10-24,2025.3,2034.6,2022.6,2025.4
1994-10-25,1997.3,1997.3,1974.3,1974.6
1994-10-26,2013.3,2023.3,2011.2,2020.5
1994-10-27,2018.8,2023.6,2010,2013.2
1994-10-28,2031.6,2046,2031.6,2040.3
1994-10-31,2072,2085.6,2071.6,2071.6
1994-11-01,2062,2072.4,2059.3,2069.7
1994-11-02,2047.8,2049.5,2042.1,2042.4
1994-11-03,2040.4,2052.3,2037.4,2051.5
1994-11-04,2063.4,2073.8,2063.4,2067.6
1994-11-07,2051.3,2051.3,2041.7,2043.5
1994-11-08,2048.7,2056.6,2048.7,2053.4
1994-11-09,2077.7,2097.1,2077.7,2096.5
1994-11-10,2083.4,2086,2074.4,2082.4
1994-11-11,2077.7,2080.5,2073.1,2078.4
1994-11-14,2086.8,2094.3,2086.8,2089.3
1994-11-15,2101.4,2114.4,2098.9,2110.8
1994-11-17,2105.4,2106.8,2095.6,2102.7
1994-11-18,2099.6,2105.2,2095.8,2100.2
1994-11-21,2102.7,2109.5,2101.7,2105.3
1994-11-22,2086.2,2086.2,2072.9,2074.8
1994-11-23,2044.7,2044.9,2033,2033.3
1994-11-24,2054.6,2060.3,2046.7,2056
1994-11-25,2056.5,2057.5,2051.1,2051.6
1994-11-28,2068.2,2068.7,2058.4,2058.5
1994-11-29,2055.1,2055.1,2044,2044.3
1994-11-30,2044.9,2049.8,2041.9,2048.3
1994-12-01,2051.1,2051.1,2041.7,2046.6
1994-12-02,2041.6,2042.2,2035.9,2038.5
1994-12-05,2062.1,2074.3,2062.1,2071.1
1994-12-06,2059.9,2060,2041.6,2046.9
1994-12-07,2053.2,2057.7,2048.2,2055.6
1994-12-08,2042.3,2045,2038.4,2042.2
1994-12-09,2029.8,2033,2027.1,2028.3
1994-12-12,2035,2038.5,2024.7,2024.8
1994-12-13,2018.9,2018.9,2009.5,2011.3
1994-12-14,2020.2,2030.8,2020.2,2024.8
1994-12-15,2049.5,2054.9,2048.9,2052.6
1994-12-16,2062.4,2073.3,2062.2,2070.1
1994-12-19,2081.1,2092.2,2075.7,2075.9
1994-12-20,2074.6,2080.5,2072.6,2079.9
1994-12-21,2084.8,2087.9,2080.4,2086.7
1994-12-22,2092.9,2102,2091.9,2100.7
1994-12-23,2098.8,2098.8,2091.8,2094
1994-12-27,2106.6,2108.3,2104.6,2106.2
1994-12-28,2108.8,2113.9,2107.6,2109
1994-12-29,2086.9,2087,2077,2077
1994-12-30,2075.8,2106.6,2075.8,2106.6
1995-01-02,2084.1,2086.8,2075.9,2079.5
1995-01-03,2078.1,2078.1,2070.3,2074.8
1995-01-04,2078.2,2080.8,2071.2,2072.3
1995-01-05,2072.8,2072.8,2060.7,2062.5
1995-01-06,2050.7,2054.4,2045.5,2053.9
1995-01-09,2063.1,2069.1,2055.7,2059.2
1995-01-10,2047,2051.1,2044.5,2051.1
1995-01-11,2052.4,2062,2052.4,2061.1
1995-01-12,2069.4,2074.9,2069.1,2071.3
1995-01-13,2063.9,2063.9,2052,2055.6
1995-01-16,2077.8,2089.6,2077.8,2085.6
1995-01-17,2086.8,2089.7,2083.5,2083.9
1995-01-18,2080.5,2080.5,2075.4,2078.9
1995-01-19,2089.1,2092.2,2087.9,2089.4
1995-01-20,2063.4,2064.6,2054.5,2055.6
1995-01-23,2033.5,2035.3,2024.2,2026.8
1995-01-24,2029.2,2030.2,2018,2018
1995-01-25,2020.1,2035.5,2017.8,2026.8
1995-01-26,2031.2,2038.4,2029.6,2030.7
1995-01-27,2025.6,2034.7,2024.8,2031.7
1995-01-30,2026.5,2036.4,2026.3,2035
1995-01-31,2027.8,2028.5,2017.9,2021.3
1995-02-01,2037.7,2050.1,2037.7,2048.4
1995-02-02,2044.8,2051.8,2043.6,2045.3
1995-02-03,2055.6,2061,2055.1,2058
1995-02-06,2084.9,2093.1,2084.9,2089.7
1995-02-07,2094.6,2097.2,2090.9,2092.5
1995-02-08,2083.8,2088.5,2082.4,2087.6
1995-02-09,2086.1,2112.7,2086.1,2112.7
1995-02-10,2123.7,2131.8,2122.1,2130.2
1995-02-13,2122.5,2124.8,2115,2117
1995-02-14,2129.3,2136.3,2129.3,2133.2
1995-02-15,2124.9,2137.9,2123.3,2135
1995-02-16,2145.7,2145.7,2114.7,2115.7
1995-02-17,2108.2,2117,2106.7,2117
1995-02-20,2107,2107,2098.3,2101.5
1995-02-21,2095.6,2101.8,2093.9,2097
1995-02-22,2091.8,2099.2,2089.7,2093.2
1995-02-23,2104.2,2121.9,2104.2,2118.2
1995-02-24,2119.9,2121.4,2114.8,2118.6
1995-02-27,2107.1,2108.3,2099.2,2099.3
1995-02-28,2106.1,2112.3,2101.8,2102.2
1995-03-01,2114.5,2130.4,2114.5,2126.2
1995-03-02,2121.6,2121.6,2116.6,2118.7
1995-03-03,2109,2112.2,2106.5,2109.5
1995-03-06,2092.3,2092.3,2065.8,2070.3
1995-03-07,2067.5,2072.7,2053.3,2053.3
1995-03-08,2027.5,2033.7,2017,2025.2
1995-03-09,2039.6,2040.3,1999.5,2001.6
1995-03-10,1983.8,1995.8,1975.9,1994
1995-03-13,2009.8,2018,1999.5,1999.5
1995-03-14,1996.9,2004.7,1987.1,2000.5
1995-03-15,2013.2,2022.7,2010.1,2010.1
1995-03-16,2010.9,2013.7,1992.1,1992.1
1995-03-17,2007.3,2013.2,2001.7,2005.2
1995-03-20,1993.5,1996.9,1985.6,1991.8
1995-03-21,2001.5,2007.1,1981.5,1983
1995-03-22,1985.9,1986.9,1979.2,1984.1
1995-03-23,1978.3,1980.1,1936.1,1936.1
1995-03-24,1924.6,1927.1,1914.3,1925.4
1995-03-27,1941.7,1949.4,1940.3,1946.9
1995-03-28,1939.9,1940,1905.6,1911
1995-03-29,1897.8,1920.9,1893.6,1918.9
1995-03-30,1925,1926,1905.2,1918.5
1995-03-31,1941.2,1942.6,1921.4,1922.6
1995-04-03,1915.1,1930.8,1914.1,1930.8
1995-04-04,1949.6,1966.9,1949.6,1965
1995-04-05,1960.7,1969.9,1956.1,1969.8
1995-04-06,1963.6,1981.3,1963.2,1979.3
1995-04-07,1982.2,1987.7,1978.8,1981.9
1995-04-10,1987.7,1989.2,1966.6,1972.3
1995-04-11,1985.4,1994,1985.1,1993.7
1995-04-12,1984.7,1990,1983.1,1988.5
1995-04-13,1985.3,1988.1,1983.2,1986.5
1995-04-18,1968.4,1970.7,1965.3,1965.3
1995-04-19,1948.4,1954.9,1943.1,1951
1995-04-20,1948.7,1959.3,1948.6,1956
1995-04-21,1970.6,1980.5,1970.6,1976.6
1995-04-24,1982.7,1987.7,1976.1,1976.2
1995-04-25,1992.9,2011.4,1992.9,2007
1995-04-26,2020.9,2030.7,2016.9,2029.5
1995-04-27,2022.4,2026.1,2014.8,2026.1
1995-04-28,2025.9,2026.7,2013.8,2015.9
1995-05-02,2029.6,2040.9,2029.6,2035.9
1995-05-03,2032.5,2032.5,2022.1,2028.7
1995-05-04,2051.1,2052.1,2041.1,2044.8
1995-05-05,2033.5,2033.5,2023.3,2023.8
1995-05-08,2020.6,2025,2015.9,2024.8
1995-05-09,2038.7,2041.9,2034.4,2039.6
1995-05-10,2057.4,2064,2055.3,2059.1
1995-05-11,2062.1,2079.4,2059.1,2078.1
1995-05-12,2100.6,2101.8,2090.4,2096.9
1995-05-15,2094.3,2097.7,2086.3,2086.7
1995-05-16,2088.7,2110.6,2088.7,2110.5
1995-05-17,2103.2,2107.6,2093.6,2095.3
1995-05-18,2092.5,2095.1,2086.4,2087.1
1995-05-19,2072.3,2077.7,2062.8,2065.1
1995-05-22,2074.4,2083.4,2070.9,2083.2
1995-05-23,2085.2,2087,2079.7,2080.4
1995-05-24,2105.1,2110.7,2104.3,2105.1
1995-05-26,2086,2086,2071.5,2077.9
1995-05-29,2069,2071,2062.7,2067.4
1995-05-30,2074.3,2093.4,2074.3,2087.7
1995-05-31,2087.6,2092.2,2084.7,2092.2
1995-06-01,2118.3,2134.4,2118.3,2126.4
1995-06-02,2129.1,2136.3,2129.1,2136.3
1995-06-06,2147.9,2154.1,2143.5,2146.4
1995-06-07,2142.1,2144.7,2136,2141.1
1995-06-08,2141.8,2144.1,2127,2131
1995-06-09,2125.7,2125.7,2119,2121.8
1995-06-12,2106.4,2119.6,2104.5,2119.6
1995-06-13,2125.5,2130.9,2113.6,2115.1
1995-06-14,2130.2,2135.7,2127.9,2128
1995-06-16,2128.6,2128.6,2118.2,2120
1995-06-19,2128.5,2143.3,2128.5,2141.8
1995-06-20,2151,2155.8,2135.8,2136.7
1995-06-21,2144.8,2152.9,2143.7,2143.7
1995-06-22,2143.4,2149.9,2134.5,2148.7
1995-06-23,2150.7,2152.9,2134.4,2139.8
1995-06-26,2141.5,2143.4,2128.1,2130.4
1995-06-27,2124.7,2126.7,2119.3,2122.4
1995-06-28,2104.6,2104.6,2092.2,2096.4
1995-06-29,2100.4,2110.2,2100,2106.6
1995-06-30,2091.4,2091.4,2081.7,2083.9
1995-07-03,2083.4,2092.3,2081.8,2092.3
1995-07-04,2106.6,2115.4,2106.6,2114.9
1995-07-05,2114,2114,2104.1,2105.7
1995-07-06,2117.1,2122.1,2114.3,2121.2
1995-07-07,2141.8,2156.2,2139.4,2153.4
1995-07-10,2173.9,2181.1,2172.8,2179.3
1995-07-11,2176.8,2202.3,2173.5,2201.9
1995-07-12,2194.4,2200.9,2186.8,2199.1
1995-07-13,2206.8,2217.4,2206.2,2214.4
1995-07-14,2193.2,2196.6,2184.2,2184.9
1995-07-17,2200,2205.2,2196.3,2199.6
1995-07-18,2196.2,2197.7,2191.9,2193
1995-07-19,2178.9,2183.5,2178,2182.9
1995-07-20,2181.2,2184.5,2173.1,2184.3
1995-07-21,2193.3,2203.7,2193.3,2201.9
1995-07-24,2204.2,2206.6,2196.8,2197.5
1995-07-25,2227.6,2234.2,2226.2,2229.1
1995-07-26,2236.2,2243.6,2236.2,2240.8
1995-07-27,2233.5,2239.3,2231,2234.4
1995-07-28,2235.6,2241.9,2223.4,2230
1995-07-31,2219,2219,2212,2218.7
1995-08-01,2222.3,2226.1,2220,2220
1995-08-02,2232.2,2241.8,2232.2,2241.5
1995-08-03,2245.6,2245.9,2234.7,2240.7
1995-08-04,2238.5,2241.4,2235.8,2236
1995-08-07,2240.9,2249.8,2240.9,2243.4
1995-08-08,2246.2,2246.8,2234.9,2237.7
1995-08-09,2234.2,2234.2,2218.6,2221.8
1995-08-10,2224.7,2225.7,2214.9,2218.7
1995-08-11,2228,2235.7,2223.9,2232.9
1995-08-14,2222.4,2222.4,2208.2,2208.5
1995-08-15,2219.9,2231.5,2219.9,2227.6
1995-08-16,2247.3,2254.9,2247.3,2252.9
1995-08-17,2252.4,2260.4,2252.4,2260.3
1995-08-18,2262.9,2264.4,2255.4,2263.5
1995-08-21,2263,2277.4,2263,2269.4
1995-08-22,2265.7,2269,2256.9,2258.9
1995-08-23,2263.8,2264.2,2258.1,2263.4
1995-08-24,2264.3,2264.7,2254.3,2262.9
1995-08-25,2258.1,2258.1,2246.3,2249.3
1995-08-28,2248.4,2248.4,2241.1,2241.1
1995-08-29,2237.4,2237.4,2230.8,2231.6
1995-08-30,2241.3,2244.2,2239.8,2240.1
1995-08-31,2242.7,2243.9,2238.3,2238.3
1995-09-01,2233.4,2237.9,2232.4,2233.1
1995-09-04,2239.5,2252.4,2239.5,2250.3
1995-09-05,2262.8,2267,2261,2264.8
1995-09-06,2272.8,2282,2272.8,2277.1
1995-09-07,2266.1,2268,2255.5,2268
1995-09-08,2276.1,2278.9,2271.4,2273.7
1995-09-11,2264.5,2264.5,2256.6,2260.8
1995-09-12,2269.3,2274.7,2269.3,2270.8
1995-09-13,2275.4,2295.5,2275.3,2295.5
1995-09-14,2299.3,2308,2298.3,2300
1995-09-15,2302.3,2320.2,2302.3,2317
1995-09-18,2306.2,2306.2,2295.4,2301.4
1995-09-19,2310.2,2315.3,2309.1,2311.3
1995-09-20,2316.6,2317.5,2302.2,2305.1
1995-09-21,2285.9,2291,2279.4,2287.3
1995-09-22,2268.1,2268.1,2209.3,2211.8
1995-09-25,2209,2210.6,2202.1,2208.4
1995-09-26,2216.7,2231.9,2216.7,2227.9
1995-09-27,2215.8,2215.8,2181.2,2185.4
1995-09-28,2190.2,2190.7,2163.2,2171.9
1995-09-29,2177.1,2190.4,2177.1,2187
1995-10-02,2205.4,2207.7,2200.9,2205
1995-10-04,2210.2,2219.3,2210.2,2217.8
1995-10-05,2212.8,2214.5,2207,2208.8
1995-10-06,2175.9,2177.5,2171.4,2171.4
1995-10-09,2162.8,2176,2158.7,2168.7
1995-10-10,2168.9,2168.9,2137.3,2138.8
1995-10-11,2139.7,2148.7,2138.4,2145.3
1995-10-12,2161.8,2166.2,2157.1,2158.1
1995-10-13,2176,2197.1,2176,2196.8
1995-10-16,2200,2201,2191.4,2191.4
1995-10-17,2202.2,2207.5,2197.2,2201
1995-10-18,2191.8,2194.8,2176.4,2194.8
1995-10-19,2192.8,2192.8,2178.3,2179.6
1995-10-20,2181.2,2183.2,2166.9,2170.5
1995-10-23,2137.1,2137.1,2107.4,2107.4
1995-10-24,2122,2129.2,2108.8,2113.6
1995-10-25,2128.4,2150.1,2128.4,2150.1
1995-10-26,2139.9,2141.9,2130.3,2131.8
1995-10-27,2126.7,2132.9,2096.1,2096.1
1995-10-30,2136,2147.5,2136,2146.1
1995-10-31,2160.5,2168.6,2155.4,2167.9
1995-11-01,2157.9,2166.5,2154.3,2163.2
1995-11-02,2177.1,2188.3,2177.1,2184
1995-11-03,2192.7,2193.8,2180.3,2181.7
1995-11-06,2175.5,2175.5,2161.5,2165.8
1995-11-07,2163.3,2180.7,2155.3,2175
1995-11-08,2182.8,2182.8,2168.8,2172.3
1995-11-09,2195.3,2198,2191.9,2192.8
1995-11-10,2175.8,2176.2,2164.3,2172.2
1995-11-13,2171.5,2180.9,2171.5,2175.3
1995-11-14,2188.4,2197.4,2186,2197.3
1995-11-15,2188.4,2192.2,2183.7,2186.2
1995-11-16,2202.3,2207,2200.7,2200.7
1995-11-17,2200.9,2208.4,2197.5,2201.3
1995-11-20,2215.6,2220.5,2213.8,2218.3
1995-11-21,2203.9,2207.1,2198.3,2205.1
1995-11-22,2210.3,2211.1,2192,2193.3
1995-11-23,2202,2203.2,2191.4,2192.3
1995-11-24,2194.1,2200.3,2194.1,2198.2
1995-11-27,2222.2,2238.8,2222.2,2238.1
1995-11-28,2249,2249.8,2239.3,2241.5
1995-11-29,2247,2256,2242.2,2245.6
1995-11-30,2246.7,2246.7,2234.8,2242.8
1995-12-01,2259.4,2263.3,2253.2,2260.7
1995-12-04,2253.3,2256.8,2249.6,2252.2
1995-12-05,2262.9,2265.9,2258.2,2261
1995-12-06,2261,2268,2257.4,2267.2
1995-12-07,2276.8,2277,2263.1,2263.1
1995-12-08,2259.5,2267.6,2257.9,2267.5
1995-12-11,2273.5,2279.4,2272.8,2272.8
1995-12-12,2281.3,2289.9,2281.3,2289.8
1995-12-13,2281.3,2281.3,2274.7,2277.8
1995-12-14,2282.8,2289.2,2282.8,2285.9
1995-12-15,2279,2284.8,2276.1,2284.8
1995-12-18,2270.9,2270.9,2257.4,2266.2
1995-12-19,2248.3,2248.8,2232.5,2235.6
1995-12-20,2251.5,2264.7,2251.5,2262.1
1995-12-21,2260.9,2265.8,2259.7,2265.1
1995-12-22,2275.6,2281.6,2274.7,2280.4
1995-12-27,2278.6,2280.8,2277.5,2280.4
1995-12-28,2277.7,2279.7,2274,2275.8
1995-12-29,2272.9,2272.9,2253.9,2253.9
1996-01-02,2271.4,2285,2271.4,2284.9
1996-01-03,2312.3,2330,2312.3,2329.2
1996-01-04,2326.2,2331.6,2322.3,2324.3
1996-01-05,2321.6,2331.9,2318.5,2331.9
1996-01-08,2327.9,2328.1,2315.5,2323.5
1996-01-09,2335.6,2353.2,2335.6,2349.7
1996-01-10,2351.3,2353.4,2337.3,2338.2
1996-01-11,2331.8,2331.8,2326.3,2329.5
1996-01-12,2348.1,2359.4,2346.1,2356.5
1996-01-15,2363.3,2368.7,2357.1,2359.1
1996-01-16,2374,2378.1,2369.1,2376.9
1996-01-17,2377.2,2377.8,2365.8,2371.3
1996-01-18,2370.2,2381.9,2370.2,2380.9
1996-01-19,2389.1,2404.4,2389.1,2398.8
1996-01-22,2392.3,2399.7,2387.3,2390.5
1996-01-23,2390,2390,2380.5,2384.5
1996-01-24,2411,2423.9,2411,2423.1
1996-01-25,2432.5,2448.8,2431.7,2443.7
1996-01-26,2437.2,2440.8,2425.6,2432.9
1996-01-29,2447.7,2450.1,2435.1,2446.1
1996-01-30,2442.3,2445.5,2429.7,2435.8
1996-01-31,2462.4,2471.7,2462.4,2470.1
1996-02-01,2472,2473.2,2459.3,2459.3
1996-02-02,2462.4,2463.1,2451.7,2452.1
1996-02-05,2432.1,2432.1,2415.8,2419
1996-02-06,2424.6,2433.2,2419.7,2428.3
1996-02-07,2442.4,2448.2,2442.4,2446.2
1996-02-08,2439,2441.2,2425,2430.2
1996-02-09,2418.7,2418.7,2400.7,2411.9
1996-02-12,2420.8,2432.4,2420.8,2428.1
1996-02-13,2435.5,2438.5,2430.6,2433.9
1996-02-14,2428.5,2431.8,2423.4,2427.1
1996-02-15,2417.7,2423,2412.7,2423
1996-02-16,2425,2432,2425,2429
1996-02-19,2404.8,2404.8,2395.7,2398.6
1996-02-20,2397.4,2397.6,2381.1,2382.6
1996-02-21,2379,2391.1,2375.1,2391.1
1996-02-22,2408.7,2423.9,2408.7,2412
1996-02-23,2437.6,2453.1,2437.6,2451.8
1996-02-26,2448.3,2454.2,2441,2442.3
1996-02-27,2436.8,2446.7,2434.4,2444.9
1996-02-28,2463.3,2473.9,2463.3,2472.5
1996-02-29,2480.9,2484.5,2471.9,2473.6
1996-03-01,2494.7,2501.2,2487,2501.2
1996-03-04,2494.1,2497.1,2485.8,2488
1996-03-05,2496.5,2502.4,2478.1,2479
1996-03-06,2474.2,2474.2,2464.3,2466
1996-03-07,2479.5,2483.8,2478,2480.9
1996-03-08,2478.5,2478.5,2457.3,2469.1
1996-03-11,2427.5,2427.5,2400.5,2407.8
1996-03-12,2426.8,2445.8,2426.8,2436
1996-03-13,2430,2432.1,2417.1,2426.4
1996-03-14,2430.3,2432.7,2424.1,2426.5
1996-03-15,2450.5,2471,2450.5,2458.2
1996-03-18,2452.3,2467.6,2449.8,2463.2
1996-03-19,2488.5,2494.3,2486.7,2493.3
1996-03-20,2485.4,2490.5,2478.7,2485.9
1996-03-21,2498.3,2504.2,2492.2,2504.1
1996-03-22,2498.9,2509.4,2496,2504.2
1996-03-25,2504.7,2510.3,2500.6,2510.3
1996-03-26,2508.3,2513.5,2496.6,2499.3
1996-03-27,2519.7,2526.3,2516.3,2525.4
1996-03-28,2523.5,2523.5,2503.5,2508.4
1996-03-29,2500.7,2500.7,2476.6,2485.9
1996-04-01,2495.4,2499.4,2487.4,2489.1
1996-04-02,2491.5,2501.2,2490.9,2501.2
1996-04-03,2499.7,2500.8,2490.6,2494.4
1996-04-04,2494.4,2503.4,2492.6,2495.2
1996-04-09,2490,2503.6,2487.1,2503.3
1996-04-10,2515.2,2530.8,2515.2,2530
1996-04-11,2517.4,2517.4,2506,2509.7
1996-04-12,2513.7,2522,2507.5,2511.8
1996-04-15,2536.2,2547.7,2536.2,2545.9
1996-04-16,2541.3,2542.2,2532.7,2538.4
1996-04-17,2533.3,2539.6,2522.5,2524.2
1996-04-18,2522.1,2536.3,2519.1,2535.5
1996-04-19,2522.4,2538.6,2521.5,2536.5
1996-04-22,2550.2,2551.4,2542.5,2545.9
1996-04-23,2551.9,2554.8,2547.5,2550.2
1996-04-24,2547.6,2547.6,2534.4,2538.3
1996-04-25,2535.7,2535.7,2526.3,2532.4
1996-04-26,2532.8,2538.2,2529.9,2537.2
1996-04-29,2527.1,2527.1,2506.5,2506.5
1996-04-30,2497.2,2505.3,2487.3,2505.3
1996-05-02,2490.7,2503.8,2487.1,2502.3
1996-05-03,2466.3,2466.4,2455.2,2457.5
1996-05-06,2464.5,2474.6,2464.5,2468.9
1996-05-07,2469.2,2481.4,2469.2,2479.5
1996-05-08,2483.9,2484.1,2472.6,2472.6
1996-05-09,2475.2,2476,2466.6,2469.4
1996-05-10,2466.9,2468.9,2463,2468.8
1996-05-13,2495.1,2500.4,2492.5,2496.2
1996-05-14,2511.1,2520.6,2509.4,2519.7
1996-05-15,2529.1,2533.8,2524.2,2528.8
1996-05-17,2529.9,2540,2526,2537.3
1996-05-20,2550.3,2553.1,2546.1,2550
1996-05-21,2556.3,2571.8,2551.4,2570.8
1996-05-22,2556.3,2557.1,2547.9,2556.9
1996-05-23,2564.1,2567.5,2557.4,2560.5
1996-05-24,2540.5,2543.3,2536.6,2542.2
1996-05-28,2553.4,2560.9,2553.4,2558.3
1996-05-29,2558.2,2558.2,2550.7,2551.5
1996-05-30,2535.1,2537.3,2527,2527.3
1996-05-31,2536.9,2544.9,2536.9,2542.8
1996-06-03,2526.8,2534.8,2524.4,2532.8
1996-06-04,2537.1,2547,2537.1,2546.3
1996-06-05,2548.7,2555.2,2548,2552.5
1996-06-07,2558.3,2563.6,2555.8,2557.4
1996-06-10,2558.6,2559.4,2553.7,2558.8
1996-06-11,2550.4,2550.4,2545.4,2546.4
1996-06-12,2558.7,2571.6,2558.7,2568.9
1996-06-13,2562.9,2567.9,2559.6,2567.5
1996-06-14,2563.4,2563.4,2547.8,2548.8
1996-06-17,2551.2,2551.9,2544.8,2546.1
1996-06-18,2553.9,2553.9,2548.7,2549.3
1996-06-19,2553.4,2556.3,2551.7,2554.3
1996-06-20,2548.9,2549.7,2537.5,2539.7
1996-06-21,2537.9,2544.5,2535,2540.1
1996-06-24,2550.8,2566.4,2550.8,2566.4
1996-06-25,2569.6,2576.1,2567.6,2573
1996-06-26,2576.1,2578.7,2573.7,2573.7
1996-06-27,2568.8,2569.5,2551.6,2551.6
1996-06-28,2554.6,2562,2554.6,2561.4
1996-07-01,2563.9,2567.6,2553.9,2564
1996-07-02,2574.8,2581.7,2569.1,2572.3
1996-07-03,2568.5,2571.1,2565.7,2569
1996-07-04,2570.5,2578.1,2569.1,2577.4
1996-07-05,2579.6,2583.7,2578.4,2583.5
1996-07-08,2555.7,2555.7,2546.1,2551
1996-07-09,2554.5,2564.2,2554.5,2562.2
1996-07-10,2566.4,2574.1,2565.5,2567.4
1996-07-11,2574,2582.4,2570.8,2575.5
1996-07-12,2561.7,2561.7,2544.2,2544.3
1996-07-15,2548.4,2554.3,2539.3,2550.5
1996-07-16,2509.1,2509.1,2468.1,2469.8
1996-07-17,2494.7,2503.1,2494.7,2497.2
1996-07-18,2512,2515.2,2505.6,2506.2
1996-07-19,2518.3,2525.9,2516.9,2520.2
1996-07-22,2504.4,2504.4,2479.3,2482.4
1996-07-23,2481.4,2481.4,2473.6,2475.1
1996-07-24,2462.7,2465.9,2446.2,2447.8
1996-07-25,2468.3,2473.9,2462.3,2465
1996-07-26,2466,2475,2466,2470.3
1996-07-29,2472.1,2482,2472.1,2477.8
1996-07-30,2467.2,2467.2,2453.8,2457.5
1996-07-31,2471.2,2474.8,2468.4,2473.4
1996-08-01,2492.2,2495.5,2491,2494.5
1996-08-02,2506.7,2511,2505.5,2508.7
1996-08-05,2517.2,2524.9,2517.2,2520.9
1996-08-06,2515.2,2523.7,2515.2,2522.5
1996-08-07,2529.5,2534.1,2528.3,2531.9
1996-08-08,2539.8,2543.6,2536.9,2538.2
1996-08-09,2527.3,2530.4,2521.8,2525.6
1996-08-12,2530.8,2530.8,2525.8,2528.2
1996-08-13,2536,2540.2,2535.8,2539.4
1996-08-14,2543.6,2543.8,2536.7,2538.7
1996-08-15,2546,2552.7,2546,2546.3
1996-08-16,2549.3,2552.9,2546.7,2548.4
1996-08-19,2562.5,2567.2,2559.2,2562.8
1996-08-20,2561.1,2565.4,2558.9,2560.3
1996-08-21,2546.7,2547.4,2541.8,2543.7
1996-08-22,2542.5,2557.3,2536,2557.3
1996-08-23,2556.9,2561.8,2555.1,2555.2
1996-08-26,2550.3,2554.1,2547.5,2552.4
1996-08-27,2550.5,2560,2550.5,2558.8
1996-08-28,2568.2,2571.7,2563,2563.2
1996-08-29,2557.1,2562.1,2555.7,2560.1
1996-08-30,2546.1,2546.1,2536.6,2543.8
1996-09-02,2540.8,2540.8,2530,2532.9
1996-09-03,2524.1,2526.2,2510.3,2510.8
1996-09-04,2531,2536.2,2527.7,2532.4
1996-09-05,2531.1,2533.7,2526.2,2529.5
1996-09-06,2525.7,2525.7,2515.1,2517
1996-09-09,2543.9,2548.9,2534.9,2548.7
1996-09-10,2561.3,2571.1,2561.3,2570.1
1996-09-11,2567.3,2570.9,2565.6,2566.8
1996-09-12,2568.5,2573.6,2565,2570.3
1996-09-13,2585,2597.7,2585,2596
1996-09-16,2611.4,2630.3,2611.4,2629.9
1996-09-17,2628.7,2629.9,2622.7,2628.1
1996-09-18,2626.3,2631,2624.9,2625.7
1996-09-19,2621.3,2624.9,2620.9,2624.4
1996-09-20,2639.9,2650.5,2637.7,2646.1
1996-09-23,2633.3,2633.3,2625.6,2627
1996-09-24,2633.8,2639.3,2633.2,2638.5
1996-09-25,2650.8,2659.7,2649.4,2659
1996-09-26,2661.9,2672.6,2661.9,2666.6
1996-09-27,2664.9,2664.9,2655.4,2659
1996-09-30,2655.2,2655.2,2643.5,2651.9
1996-10-01,2647.5,2658.5,2645.9,2655.7
1996-10-02,2668.9,2680.1,2668.6,2676.5
1996-10-04,2676.1,2683.3,2675.2,2683.3
1996-10-07,2698,2704.7,2696.5,2702.6
1996-10-08,2696.1,2700.3,2689.6,2691.2
1996-10-09,2695.7,2703.4,2692.7,2703
1996-10-10,2690.3,2690.3,2679.3,2680.8
1996-10-11,2686.3,2688.3,2683.3,2686
1996-10-14,2690,2695.8,2689.6,2693.9
1996-10-15,2711.2,2728.6,2711.2,2728.5
1996-10-16,2727.5,2727.5,2712.4,2714.9
1996-10-17,2717.5,2719.9,2713.1,2716.3
1996-10-18,2732.3,2739.3,2728.6,2734.8
1996-10-21,2734.2,2735.1,2724.2,2729
1996-10-22,2722.1,2723.5,2716.6,2719
1996-10-23,2724.6,2725.7,2696.9,2699.5
1996-10-24,2685.7,2685.7,2674.3,2678.4
1996-10-25,2663.3,2678.9,2663.3,2674.2
1996-10-28,2694.7,2709.6,2694.7,2703.8
1996-10-29,2689.5,2689.5,2672.3,2673.6
1996-10-30,2684.3,2691.6,2678.7,2678.7
1996-10-31,2678,2678.6,2656.5,2659.3
1996-11-01,2675.4,2685.7,2675.4,2683.3
1996-11-04,2673.8,2673.8,2665.9,2671.9
1996-11-05,2674.8,2691.3,2674.8,2691.3
1996-11-06,2719.2,2732.6,2719.2,2729.2
1996-11-07,2727.1,2731.6,2704,2713.2
1996-11-08,2736.1,2744.9,2736.1,2739.8
1996-11-11,2736,2737.1,2728.3,2728.3
1996-11-12,2730,2734.4,2726.3,2734.3
1996-11-13,2761.8,2776,2761.8,2773.4
1996-11-14,2785.1,2785.2,2767.9,2777
1996-11-15,2790.3,2799.1,2787.6,2795.8
1996-11-18,2793.3,2793.3,2763.8,2763.8
1996-11-19,2773.8,2773.8,2758.7,2764.1
1996-11-20,2777.3,2784.6,2773.6,2774.5
1996-11-21,2765,2774.3,2760.3,2772.3
1996-11-22,2764.9,2764.9,2756.1,2763.7
1996-11-25,2783.3,2799.2,2783.3,2799.2
1996-11-26,2808.7,2820,2808.7,2810.6
1996-11-27,2806.9,2807.3,2793.3,2797
1996-11-28,2803.5,2818.7,2803.5,2817.5
1996-11-29,2838.6,2845.5,2837.6,2845.5
1996-12-02,2854.8,2860.2,2853.2,2858.6
1996-12-03,2890.7,2895.2,2886.1,2887
1996-12-04,2868.5,2874.4,2857.9,2866.1
1996-12-05,2889.1,2914.6,2889.1,2909.9
1996-12-06,2838.2,2838.2,2760.8,2792
1996-12-09,2839.4,2872.6,2839.4,2857.2
1996-12-10,2882.2,2893.3,2882.2,2891
1996-12-11,2853.7,2853.7,2839.1,2841.1
1996-12-12,2844.4,2853,2837.8,2847.1
1996-12-13,2813.3,2814.3,2797.5,2799.7
1996-12-16,2831.2,2855.8,2831.2,2855.8
1996-12-17,2826.7,2826.7,2811.2,2815.1
1996-12-18,2816.7,2825.8,2816.7,2820.8
1996-12-19,2820.5,2821.7,2802.8,2807.8
1996-12-20,2843.7,2857.1,2843.7,2854.5
1996-12-23,2847.1,2847.1,2841.4,2845.6
1996-12-27,2853.8,2857.3,2852.7,2852.9
1996-12-30,2871.2,2888.7,2853.4,2888.7
1997-01-02,2855.2,2855.2,2833.8,2848.8
1997-01-03,2847.2,2859.3,2842.5,2859.3
1997-01-06,2889.3,2899.4,2881.2,2881.3
1997-01-07,2876.3,2886.4,2875.1,2886.1
1997-01-08,2892.1,2907.4,2892.1,2906.3
1997-01-09,2901.6,2901.6,2886.2,2892.6
1997-01-10,2922.5,2935.3,2922.5,2933.4
1997-01-13,2951.6,2961.3,2951.6,2955
1997-01-14,2953.1,2955.8,2947.3,2949
1997-01-15,2984.3,2997.1,2984.2,2988.5
1997-01-16,2970.5,2998.6,2970.5,2993.3
1997-01-17,3006.2,3011.2,2996,3001.4
1997-01-20,3021.1,3031.6,3016.4,3030.7
1997-01-21,2992.4,2992.4,2972.8,2976.7
1997-01-22,3032.4,3041.6,3028.2,3028.7
1997-01-23,3018.6,3033.5,3013.4,3033.5
1997-01-24,3006.8,3006.8,2990.9,2998.2
1997-01-27,2995.3,2998.7,2989,2994.5
1997-01-28,2992.1,2993.4,2984.1,2989.3
1997-01-29,3002.4,3007.6,2996.9,2999.2
1997-01-30,3008.5,3024.7,3008.5,3017.3
1997-01-31,3021,3036.5,3019.7,3035.2
1997-02-03,3034.3,3062.3,3032.3,3062.3
1997-02-04,3082.1,3083.1,3066.8,3067.1
1997-02-05,3086.8,3099.8,3085.6,3098
1997-02-06,3098.5,3106.7,3098.5,3104.1
1997-02-07,3123.5,3140.3,3123.5,3138
1997-02-10,3156.2,3185,3156.2,3184.4
1997-02-11,3195.4,3196.4,3181.9,3187.6
1997-02-12,3215.7,3228.6,3206.1,3216.1
1997-02-13,3229.7,3232.1,3221.4,3229.5
1997-02-14,3251.8,3260.9,3244.3,3248.2
1997-02-17,3237.7,3242.3,3228.7,3232.6
1997-02-18,3266.3,3287.8,3266.3,3276.2
1997-02-19,3241.4,3250.2,3231.7,3233.8
1997-02-20,3195.2,3198.8,3187.1,3196
1997-02-21,3179.4,3190.5,3171.1,3184.1
1997-02-24,3180.7,3188.5,3176,3184.2
1997-02-25,3210.7,3235.5,3210.7,3233.2
1997-02-26,3231.2,3237.9,3227.4,3237.9
1997-02-27,3271.8,3284.4,3271.8,3276.7
1997-02-28,3261.6,3264.2,3251.8,3259.6
1997-03-03,3264.5,3268.6,3260.2,3263.9
1997-03-04,3301.1,3320.7,3301.1,3320.7
1997-03-05,3332.3,3365,3332.3,3365
1997-03-06,3416.3,3426.5,3406.9,3417.6
1997-03-07,3384.9,3384.9,3371.8,3376.2
1997-03-10,3417,3442.9,3417,3436.1
1997-03-11,3464.2,3475,3453.5,3460.6
1997-03-12,3438.3,3440.8,3404.4,3415.4
1997-03-13,3358.6,3358.6,3338.5,3349.8
1997-03-14,3338.9,3359.3,3321.3,3359.3
1997-03-17,3370.2,3374.7,3351,3351
1997-03-18,3341.8,3341.8,3291.2,3291.2
1997-03-19,3306.7,3320.2,3293.9,3315.9
1997-03-20,3290,3290,3264.7,3264.7
1997-03-21,3292.5,3303,3286.9,3298.2
1997-03-24,3313.7,3329.5,3313.2,3321.8
1997-03-25,3333.8,3350.8,3328.5,3349.1
1997-03-26,3382.5,3425.1,3380.4,3418.1
1997-03-27,3432.9,3442.6,3413.5,3429.1
1997-04-01,3336.1,3336.1,3266.6,3295.9
1997-04-02,3306.7,3316.7,3298.1,3301.9
1997-04-03,3222.2,3222.2,3192.3,3215.2
1997-04-04,3227,3249.2,3226.6,3244.9
1997-04-07,3298.4,3326,3298.4,3312.9
1997-04-08,3325.5,3339.9,3320.8,3329.8
1997-04-09,3353.9,3378.3,3351.4,3359.5
1997-04-10,3348.3,3358.2,3342,3351.5
1997-04-11,3353.5,3369.3,3336.9,3340.1
1997-04-14,3278.4,3285.8,3267,3279.9
1997-04-15,3323.3,3337,3323.3,3327.7
1997-04-16,3356.4,3368.3,3345.6,3353.5
1997-04-17,3371.3,3389.2,3371.3,3383.3
1997-04-18,3351.4,3354,3342.6,3344.4
1997-04-21,3325.3,3348,3325,3347.6
1997-04-22,3347,3356.4,3338.8,3340.3
1997-04-23,3387.4,3402.9,3387.4,3396
1997-04-24,3393.7,3407.2,3391,3397.4
1997-04-25,3390.3,3392.7,3372.3,3374.1
1997-04-28,3369.5,3377.7,3361.7,3363.1
1997-04-29,3384.3,3389.3,3379.8,3383.2
1997-04-30,3428.3,3452.6,3428.3,3438.1
1997-05-02,3448.7,3460.4,3448.7,3460.4
1997-05-05,3510.9,3533.2,3510.9,3528.8
1997-05-06,3563.1,3584.6,3558.3,3568.3
1997-05-07,3556.9,3559.7,3543.7,3552
1997-05-09,3556.1,3565.1,3551.9,3562.4
1997-05-12,3548,3576,3542.6,3575.4
1997-05-13,3588.2,3597.4,3581,3595.2
1997-05-14,3586,3586,3573.7,3573.7
1997-05-15,3570.7,3570.7,3554.8,3562.1
1997-05-16,3590.2,3606.8,3590.2,3604.6
1997-05-20,3557.4,3557.4,3533.7,3543.4
1997-05-21,3572.1,3597,3567.4,3596.1
1997-05-22,3610.1,3618.2,3576.2,3579.4
1997-05-23,3586.6,3605.3,3584.3,3602.2
1997-05-26,3613,3661,3613,3657.9
1997-05-27,3668.8,3678.5,3664.4,3674.4
1997-05-28,3680.6,3695.3,3632.3,3636.4
1997-05-30,3618,3618,3544.2,3562.7
1997-06-02,3551,3618.2,3544.5,3596.4
1997-06-03,3603,3655.8,3603,3655.6
1997-06-04,3659.5,3669.6,3644,3651.6
1997-06-05,3650.6,3690.9,3650.5,3684.6
1997-06-06,3690.1,3707.7,3681.2,3700.5
1997-06-09,3717.1,3734.1,3662.1,3668.6
1997-06-10,3678.2,3681.4,3644.5,3671.2
1997-06-11,3675.7,3686.1,3662.9,3671.9
1997-06-12,3694.4,3739.3,3688.3,3737.2
1997-06-13,3754.3,3762.6,3732.2,3752.4
1997-06-16,3766.8,3775.2,3742.8,3750
1997-06-17,3754.5,3767.1,3704.5,3721.2
1997-06-18,3721.3,3734,3707.8,3730.6
1997-06-19,3739.9,3791.3,3739.9,3777.6
1997-06-20,3785.4,3801.4,3751.6,3788.5
1997-06-23,3773.2,3775.2,3739.2,3748.8
1997-06-24,3712.9,3775.1,3709.6,3761.1
1997-06-25,3782.6,3820.9,3771.1,3819.5
1997-06-26,3799.8,3836.9,3798.4,3820.2
1997-06-27,3826.4,3829.8,3785.9,3809.9
1997-06-30,3815.3,3826.1,3756.7,3766.9
1997-07-01,3782.7,3835.8,3782.6,3834.8
1997-07-02,3840.3,3870.8,3837,3867.5
1997-07-03,3882.5,3944.3,3870.6,3939.7
1997-07-04,3965.4,3965.6,3912.9,3946.7
1997-07-07,3956.3,4003.8,3940,4003.4
1997-07-08,3986.7,4030.5,3982.1,4030.1
1997-07-09,4050.4,4067.5,4008.8,4027
1997-07-10,4029.4,4032.8,3978.4,4000.7
1997-07-11,4018.2,4074.3,4018.2,4074.3
1997-07-14,4093.7,4151.5,4090.3,4142.2
1997-07-15,4127.6,4157.2,4108.8,4139.7
1997-07-16,4164.6,4234.9,4163.3,4223.7
1997-07-17,4250.3,4272.6,4182.4,4203.9
1997-07-18,4207.2,4209.3,4110.1,4131.9
1997-07-21,4183.8,4211.7,4086.6,4140
1997-07-22,4167.1,4301.9,4167.1,4297.6
1997-07-23,4359.1,4449.9,4355.6,4384.8
1997-07-24,4382.6,4449.3,4315.4,4320.5
1997-07-25,4365,4379.9,4307.4,4368.5
1997-07-28,4407.5,4423.7,4360.5,4400.3
1997-07-29,4395.6,4409.2,4347.8,4377.7
1997-07-30,4400,4463,4400,4458.7
1997-07-31,4463.9,4477.7,4393,4405.5
1997-08-01,4422.2,4432,4275.7,4337
1997-08-04,4354,4375.6,4279.7,4302.5
1997-08-05,4330.2,4371.2,4290.1,4325.9
1997-08-06,4318.6,4372,4300.3,4364.3
1997-08-07,4383.1,4460.2,4373.6,4428.1
1997-08-08,4378.5,4407.2,4309.7,4342.3
1997-08-11,4269.4,4352.2,4267.7,4333.2
1997-08-12,4351.8,4384.3,4347.3,4377.5
1997-08-13,4316.9,4338.9,4211.8,4237.1
1997-08-14,4269.7,4290.3,4175.4,4195.5
1997-08-15,4204.9,4228.2,4067.6,4077.6
1997-08-18,4017.4,4095.3,3965.3,4080.6
1997-08-19,4134.5,4191.2,4118.5,4190.5
1997-08-20,4242.2,4264.3,4206,4251.9
1997-08-21,4277.7,4279.9,4191.7,4204.8
1997-08-22,4155.4,4159.9,4031.5,4090.1
1997-08-25,4127,4146.2,4044.1,4076.8
1997-08-26,4050.6,4108.2,3910.3,3993.7
1997-08-27,3952.2,4037.8,3933,3992
1997-08-28,4019.6,4040.4,3853.1,3897.4
1997-08-29,3897.6,3920.4,3849.9,3919.8
1997-09-01,3942.5,4004.1,3934.1,4001.8
1997-09-02,4018.5,4130.6,4018.5,4127.3
1997-09-03,4166.6,4196.8,4054,4062.1
1997-09-04,4048.7,4098.5,4027.3,4093.4
1997-09-05,4099,4149.7,4069.9,4073.7
1997-09-08,4071.3,4133.1,4055.6,4131.3
1997-09-09,4120,4141.2,4067.2,4104.6
1997-09-10,4101.8,4126.4,4014.7,4028
1997-09-11,3969.2,3986.6,3888.4,3890.2
1997-09-12,3918.9,3957,3783.1,3796.6
1997-09-15,3848.6,3893.3,3796.9,3869.5
1997-09-16,3873.8,3996,3832,3995.7
1997-09-17,4026.9,4040.9,3968.3,3970.4
1997-09-18,3974.4,4010.6,3946.5,4004
1997-09-19,4012.3,4046.7,3955.9,3983.1
1997-09-22,4011.2,4102.8,4011.2,4096.9
1997-09-23,4107.7,4138.7,4082.6,4091.8
1997-09-24,4090.2,4156.3,4066.8,4151
1997-09-25,4130.7,4163.9,4102.5,4104.9
1997-09-26,4082.5,4137.9,4041.1,4135.1
1997-09-29,4126.6,4126.6,4085.5,4116.5
1997-09-30,4146.5,4173.9,4143,4154.9
1997-10-01,4154.6,4272.9,4147.3,4263
1997-10-02,4271.7,4285.1,4247.4,4266.2
1997-10-06,4281.9,4332.4,4266.3,4326.4
1997-10-07,4332,4349,4264,4311.1
1997-10-08,4343.3,4363.7,4244.1,4267.4
1997-10-09,4241.3,4284,4129.6,4179.9
1997-10-10,4188.7,4208.8,4134.4,4164.6
1997-10-13,4177.3,4236.7,4177.3,4225.3
1997-10-14,4247.5,4247.5,4171.5,4215.2
1997-10-15,4182.3,4205.6,4139.7,4168.6
1997-10-16,4168.2,4172.1,4114.1,4149.9
1997-10-17,4098.2,4103.7,4030.3,4049.2
1997-10-20,4046.4,4072.3,3980.7,4069.3
1997-10-21,4088.8,4178.7,4085.7,4172.5
1997-10-22,4203.5,4235.9,4119.2,4124.9
1997-10-23,4102.2,4103.9,3927.2,3976.4
1997-10-24,4042.1,4066.3,3977,3981.4
1997-10-27,3935.7,3935.7,3846.7,3871.4
1997-10-28,3669.5,3733.5,3366,3645.7
1997-10-29,3797.6,3841.2,3734.3,3806.7
1997-10-30,3732.9,3759.4,3632.9,3748.9
1997-10-31,3771.5,3827.5,3734.2,3753.7
1997-11-03,3802.7,3877,3802.3,3847.7
1997-11-04,3869.1,3869.1,3776.4,3784.8
1997-11-05,3806.8,3876.2,3806.8,3841.4
1997-11-06,3833.9,3844.6,3797.8,3813.9
1997-11-07,3775.8,3775.8,3663.8,3715.4
1997-11-10,3723.3,3771.9,3722.3,3728.4
1997-11-11,3727.9,3741.3,3704.9,3734.8
1997-11-12,3700.7,3710.2,3645.8,3697.5
1997-11-13,3699.4,3726.7,3679,3701.9
1997-11-14,3724.6,3768.6,3673.9,3676.7
1997-11-17,3797.9,3817.5,3739.7,3816.7
1997-11-18,3826.2,3860.3,3796.8,3844.1
1997-11-19,3801,3884.1,3784,3876.9
1997-11-20,3891.2,3940.7,3888.9,3931.8
1997-11-21,3960.9,3986.4,3937.3,3941.9
1997-11-24,3919,3919,3821.9,3832.1
1997-11-25,3818.2,3873.7,3817,3850.1
1997-11-26,3880.2,3943.3,3878.1,3926.9
1997-11-27,3953.4,3978.9,3952.2,3962
1997-11-28,3966,3975.1,3941.5,3972.1
1997-12-01,4000,4137.9,4000,4125.9
1997-12-02,4140.3,4143.5,4073.4,4096.4
1997-12-03,4087.8,4117.3,4053.5,4074.6
1997-12-04,4089.4,4172.1,4089.4,4159.7
1997-12-05,4153.8,4196,4121.6,4191.8
1997-12-08,4217.3,4245.8,4194.1,4208.1
1997-12-09,4212.9,4226.5,4167.4,4187.1
1997-12-10,4174.1,4180.2,4109.65,4116.7
1997-12-11,4064.3,4064.3,4005.7,4016.7
1997-12-12,4051.5,4087.7,4034.4,4061.9
1997-12-15,4072.9,4091.7,4028.7,4029.1
1997-12-16,4063.3,4152.2,4053.8,4150.3
1997-12-17,4156.2,4194.8,4130,4154.6
1997-12-18,4140.8,4187.7,4140.8,4162.9
1997-12-19,4115.2,4131,4051.2,4055.4
1997-12-22,4074.5,4137.3,4035.1,4125.5
1997-12-23,4141.6,4147,4104.5,4132.8
1997-12-29,4142.7,4266,4142.6,4266
1997-12-30,4283.6,4320,4223,4224.3
1998-01-02,4270.7,4368,4270.7,4364.3
1998-01-05,4358,4420.9,4331.2,4417
1998-01-06,4427.3,4427.3,4345.8,4360.1
1998-01-07,4356.9,4396,4326.6,4340
1998-01-08,4359.4,4400.9,4274,4293.6
1998-01-09,4270.9,4300.4,4229.7,4237.8
1998-01-12,4145.1,4145.1,4053.9,4134.6
1998-01-13,4179.1,4209.5,4142.4,4150.1
1998-01-14,4198.2,4224.8,4142,4145.4
1998-01-15,4132.6,4165.3,4124.2,4140.2
1998-01-16,4170,4219.1,4170,4216.2
1998-01-19,4247.1,4304.3,4241.7,4290.1
1998-01-20,4291.3,4322,4269,4310.8
1998-01-21,4328.8,4332.5,4248.8,4250.5
1998-01-22,4208.3,4243.4,4172.4,4238.8
1998-01-23,4236.7,4275.7,4205,4222.2
1998-01-26,4172.1,4277.6,4155.8,4266.3
1998-01-27,4267.3,4318.6,4248.6,4316.1
1998-01-28,4325.1,4405.4,4317,4385.3
1998-01-29,4410.3,4451.3,4380.4,4444.5
1998-01-30,4455.5,4458.3,4421.3,4442.5
1998-02-02,4481,4549.2,4480.8,4529.9
1998-02-03,4533.8,4554.5,4491.9,4529.2
1998-02-04,4545.2,4555.1,4474.3,4509.3
1998-02-05,4508.5,4581,4486.5,4494.7
1998-02-06,4513.9,4546.5,4494.5,4536.9
1998-02-09,4569.5,4591.9,4509.4,4519.6
1998-02-10,4515.3,4563.5,4506.7,4558.6
1998-02-11,4578.4,4598.1,4537.7,4552.5
1998-02-12,4562,4602.2,4504.1,4509.4
1998-02-13,4523.8,4528.5,4485.6,4522.4
1998-02-16,4520.6,4535.6,4504.8,4535.6
1998-02-17,4552,4632.4,4548.2,4627.4
1998-02-18,4623.5,4633.8,4582.2,4611.7
1998-02-19,4628.9,4637.5,4575.8,4581.1
1998-02-20,4580.4,4612.2,4578.4,4583
1998-02-23,4609.3,4665.2,4591.6,4610.7
1998-02-24,4601.8,4629.5,4569.5,4604.6
1998-02-25,4601.8,4707.6,4601.4,4704.6
1998-02-26,4726.7,4729.6,4680.8,4695.8
1998-02-27,4727.7,4736.1,4662.3,4693.9
1998-03-02,4696.5,4790.3,4679.9,4781.6
1998-03-03,4779.9,4784,4745.7,4759.6
1998-03-04,4781.6,4791.4,4678.1,4690.5
1998-03-05,4659.8,4689.2,4612.1,4676.4
1998-03-06,4697,4782.1,4661.6,4762.7
1998-03-09,4757.7,4838.7,4749.6,4828.9
1998-03-10,4830.2,4870.6,4807.8,4852.2
1998-03-11,4898.2,4916.9,4829.4,4862.4
1998-03-12,4845,4854.6,4810.8,4838.7
1998-03-13,4861.8,4914.1,4835.3,4872.2
1998-03-16,4852.9,4918.6,4847.1,4905.6
1998-03-17,4929.1,4956.1,4929,4945.9
1998-03-18,4959,4959,4874.5,4908.6
1998-03-19,4920.3,4960.7,4917.3,4949.9
1998-03-20,4969.8,5055.4,4969.8,5045.2
1998-03-23,5060.3,5060.3,4960.7,5014.1
1998-03-24,4991.6,5065.3,4988.4,5064.4
1998-03-25,5096.6,5136.8,5079.8,5114.1
1998-03-26,5105.3,5105.5,4996.4,5029
1998-03-27,5020.2,5100.8,5008.6,5066.9
1998-03-30,5059.3,5080.3,4994.5,5069.9
1998-03-31,5092.4,5106.5,5037.9,5097.3
1998-04-01,5084.1,5170.3,5079.7,5135.4
1998-04-02,5154,5192.3,5145.8,5179
1998-04-03,5210.2,5256.6,5206.7,5254.3
1998-04-06,5246.4,5346.8,5238.3,5345.9
1998-04-07,5353.6,5359.7,5283.4,5309.7
1998-04-08,5316.6,5323.3,5241.1,5267.4
1998-04-09,5234.8,5322.3,5233.8,5312.3
1998-04-14,5350.2,5409.8,5301.6,5368
1998-04-15,5390,5409.2,5343.5,5359.2
1998-04-16,5381.5,5398.5,5268.9,5293
1998-04-17,5276.1,5333.6,5243.3,5326.6
1998-04-20,5372.8,5436.8,5372.8,5407.9
1998-04-21,5419.9,5420.9,5337.5,5373.8
1998-04-22,5386.8,5425.9,5297.5,5312.3
1998-04-23,5333.2,5341.7,5215.2,5262.6
1998-04-24,5249.5,5254.8,5136.7,5144.4
1998-04-27,5121.1,5155.6,4992.1,5002.7
1998-04-28,5056.87,5066.41,5012.57,5018.67
1998-04-29,5086.84,5154.88,5086.84,5108.48
1998-04-30,5101.98,5116.88,5091.54,5107.44
1998-05-04,5251.41,5337.22,5251.41,5314.66
1998-05-05,5273.26,5282.5,5221.71,5232.03
1998-05-06,5200.53,5239.92,5197.15,5229.8
1998-05-07,5204.91,5233.28,5172.95,5186.23
1998-05-08,5218.39,5260.85,5218.39,5257.58
1998-05-11,5305.55,5347.8,5305.55,5341.69
1998-05-12,5295.83,5309.22,5272.87,5297.35
1998-05-13,5321.33,5389.92,5321.33,5376.88
1998-05-14,5387.21,5387.21,5340.25,5361.22
1998-05-15,5377.49,5396.42,5372.84,5393.14
1998-05-18,5368.19,5389.96,5342.85,5342.85
1998-05-19,5378.37,5395.7,5378.37,5388.9
1998-05-20,5450.36,5512.08,5450.36,5510.98
1998-05-22,5506.3,5564.56,5506.21,5564.21
1998-05-25,5565.57,5575.16,5559.02,5575.16
1998-05-26,5621.23,5664.84,5621.23,5644.29
1998-05-27,5537.95,5537.95,5479.81,5490.64
1998-05-28,5541.28,5557.37,5480.22,5481.26
1998-05-29,5513.76,5581.12,5513.59,5569.08
1998-06-02,5569.89,5589.13,5554.49,5582.78
1998-06-03,5617.11,5626.4,5607.45,5613.76
1998-06-04,5595.7,5617.98,5574.97,5592.48
1998-06-05,5636.09,5688.73,5636.09,5688.5
1998-06-08,5754.59,5787.7,5754.59,5779.09
1998-06-09,5780.63,5782.95,5744.52,5760.03
1998-06-10,5743.74,5754.46,5718.86,5754.46
1998-06-12,5738.65,5738.65,5642.07,5670.83
1998-06-15,5596.89,5596.89,5512.58,5527.32
1998-06-16,5571.6,5604.38,5569.06,5591.57
1998-06-17,5676.95,5711.92,5675.36,5709.36
1998-06-18,5750.13,5755.68,5697.28,5718.06
1998-06-19,5706.24,5706.68,5682.59,5702.61
1998-06-22,5650.21,5654.89,5616.35,5654.75
1998-06-23,5689.96,5718.81,5680.24,5718.71
1998-06-24,5742.23,5779.91,5722.1,5779.91
1998-06-25,5847.88,5876.76,5839.73,5866.63
1998-06-26,5868.89,5893.13,5849.26,5870.42
1998-06-29,5896,5921.4,5896,5915.13
1998-06-30,5891.16,5900.59,5857.65,5897.44
1998-07-01,5863.25,5936.34,5857.92,5906.85
1998-07-02,5935.54,5980.3,5896.52,5904.1
1998-07-03,5917.24,5960.7,5913.04,5953.16
1998-07-06,5970.86,5986.14,5906.42,5918.37
1998-07-07,5960.17,5995.11,5956.38,5960.98
1998-07-08,5980.31,6022.15,5957.19,6013.14
1998-07-09,6037.76,6052.13,5990.55,5996.77
1998-07-10,5974.81,6022.58,5912.6,5982.42
1998-07-13,5991.02,6056.09,5991.02,6019.48
1998-07-14,6022.94,6096.46,6022.76,6095.28
1998-07-15,6140.24,6150.47,6085.32,6108.24
1998-07-16,6100.61,6157.7,6090.01,6094.02
1998-07-17,6115.79,6167.51,6114.05,6147.87
1998-07-20,6162.04,6199.58,6127.66,6171.43
1998-07-21,6181.56,6217.83,6165.52,6165.52
1998-07-22,6151.74,6189.11,6105.5,6110.73
1998-07-23,6131.9,6138.92,6025.97,6058.45
1998-07-24,6006.09,6060.83,5956.81,6035.28
1998-07-27,6029.74,6071.11,5885,5885
1998-07-28,5949.61,5970.41,5863.16,5889.01
1998-07-29,5870.55,5888.52,5810.95,5853.63
1998-07-30,5865.83,5898.37,5837.51,5880.87
1998-07-31,5923.96,5966.15,5873.92,5873.92
1998-08-03,5811.42,5811.42,5731.18,5758.77
1998-08-04,5738.6,5818.15,5734.59,5756.2
1998-08-05,5579.06,5641.39,5559.96,5632.51
1998-08-06,5658.34,5670.35,5517.64,5517.64
1998-08-07,5572.47,5590.08,5537.82,5581.22
1998-08-10,5594.93,5607.75,5476.25,5476.25
1998-08-11,5472.4,5478.55,5258.5,5268.4
1998-08-12,5340.96,5425.02,5340.96,5402.37
1998-08-13,5381.42,5393.27,5239.1,5356.23
1998-08-14,5360.38,5483.16,5355.4,5447.9
1998-08-17,5408.64,5456.58,5336.2,5456.58
1998-08-18,5497.73,5581.67,5497.73,5568.88
1998-08-19,5640.2,5672.07,5596.41,5596.41
1998-08-20,5594.62,5645.32,5485.44,5488.22
1998-08-21,5475.76,5475.76,5163.38,5163.51
1998-08-24,5203.88,5271.2,5155.03,5234.88
1998-08-25,5273.81,5389.59,5273.81,5372.76
1998-08-26,5378.99,5385.28,5218.8,5231.61
1998-08-27,5200.64,5235.62,5021.7,5060.84
1998-08-28,4940.02,5017.38,4752.4,4993.54
1998-08-31,4955.1,4979.28,4821.2,4833.89
1998-09-01,4727.35,4839.01,4673.21,4791.81
1998-09-02,4913.3,5011.45,4912.05,4970.5
1998-09-03,4915.95,4918.12,4752.82,4812.18
1998-09-04,4790.32,4945.47,4765.33,4820.25
1998-09-07,4910.74,5000.67,4876.81,4923.37
1998-09-08,4967.81,5104.78,4951.62,5103.84
1998-09-09,5148.73,5161.4,5007.11,5040.87
1998-09-10,4951.69,4951.69,4725.11,4747.33
1998-09-11,4686.7,4777.79,4606.04,4737.15
1998-09-14,4834.12,4916.43,4834.12,4896.49
1998-09-15,4916.81,4958.37,4793.8,4831.22
1998-09-16,4848.25,4952.45,4848.25,4857.97
1998-09-17,4838.59,4839.51,4629.04,4669.51
1998-09-18,4741.98,4769.91,4554.36,4598.58
1998-09-21,4573.44,4576.78,4357.42,4433.87
1998-09-22,4529.52,4604.7,4529.52,4575.15
1998-09-23,4563.97,4701.33,4561.91,4699.39
1998-09-24,4801.08,4859.96,4645.33,4646.25
1998-09-25,4575.44,4575.44,4461.88,4561.58
1998-09-28,4562.47,4699.72,4549.79,4653.94
1998-09-29,4669.13,4671.15,4575.03,4578.27
1998-09-30,4558.4,4558.4,4463.94,4474.51
1998-10-01,4389.21,4389.21,4137.18,4226.49
1998-10-02,4177.02,4217.8,3869.6,3962.5
1998-10-05,3983.05,4124.35,3892.61,4034.23
1998-10-06,3982.69,4175.11,3955.15,4156.64
1998-10-07,4223.93,4271.31,4014.2,4087.83
1998-10-08,4042.06,4042.06,3833.71,3896.08
1998-10-09,3985.02,4030.01,3911.4,3983.65
1998-10-12,4078.48,4239.01,4078.48,4225.49
1998-10-13,4224.39,4307.18,4188.27,4274.48
1998-10-14,4221.72,4318.52,4185.86,4318.52
1998-10-15,4429.34,4435.32,4320.64,4399.05
1998-10-16,4511.47,4572.54,4404.73,4489.1
1998-10-19,4501.44,4538.12,4415.59,4458.4
1998-10-20,4489.04,4607.83,4489.04,4595.82
1998-10-21,4599.89,4637.8,4522.5,4523.24
1998-10-22,4551,4597.33,4453.75,4454.28
1998-10-23,4454.49,4491.05,4427.37,4451.09
1998-10-26,4465.85,4615.83,4456.62,4577.74
1998-10-27,4615.81,4706.81,4611.44,4682.45
1998-10-28,4642.85,4642.85,4526.21,4536.34
1998-10-29,4553.72,4567.47,4496.97,4549.33
1998-10-30,4609.99,4722.09,4609.99,4671.12
1998-11-02,4722.84,4804.48,4722.8,4761.15
1998-11-03,4788.67,4799.2,4704.8,4705.08
1998-11-04,4730.27,4877.47,4728.71,4841.72
1998-11-05,4852.77,4877.45,4769.57,4811.6
1998-11-06,4849.86,4902.45,4820.65,4836.22
1998-11-09,4858.63,4884.17,4745.2,4768.58
1998-11-10,4751.83,4779.98,4660.54,4662.78
1998-11-11,4698.37,4755.43,4697.12,4717.7
1998-11-12,4698.39,4698.39,4629.93,4639.89
1998-11-13,4643.73,4710.25,4617.41,4639.65
1998-11-16,4690.15,4783.77,4689.5,4783.77
1998-11-17,4788.94,4797.56,4702.63,4702.63
1998-11-18,4732.04,4799.73,4692.26,4698.72
1998-11-19,4712.63,4824.7,4707.6,4795.69
1998-11-20,4830.02,4924.89,4829.56,4911.88
1998-11-23,4946.93,5027.49,4946.93,5019.12
1998-11-24,5068.01,5110.23,4958.82,4958.82
1998-11-25,4936.29,5004.14,4930.18,4944.37
1998-11-26,4965.1,5064,4965.1,5051.63
1998-11-27,5056.39,5130.33,5036.61,5121.48
1998-11-30,5123.45,5176.27,5022.7,5022.7
1998-12-01,4986.81,4986.81,4781.12,4781.73
1998-12-02,4857.51,4878.14,4682.83,4691.69
1998-12-03,4674.84,4827.53,4611.96,4787.08
1998-12-04,4723.79,4844.96,4704.22,4775.23
1998-12-07,4827.19,4888.85,4709.88,4713.96
1998-12-08,4734.41,4759.2,4656.48,4699.34
1998-12-09,4690.95,4718.38,4634.37,4663.68
1998-12-10,4683.16,4733.12,4613.37,4642.69
1998-12-11,4576.65,4576.65,4505.71,4536.2
1998-12-14,4514.62,4566.44,4451.2,4522.86
1998-12-15,4516.44,4615.08,4516.44,4574.5
1998-12-16,4618.33,4713.18,4611.34,4663.45
1998-12-17,4664.52,4731.32,4657.93,4723.81
1998-12-18,4699.93,4737.22,4629.23,4629.23
1998-12-21,4669.19,4791.67,4667.26,4780.93
1998-12-22,4802.16,4892.95,4783.49,4825.38
1998-12-23,4844.5,4963.41,4844.5,4951.77
1998-12-28,4978.04,5058.21,4978.04,5044.77
1998-12-29,5031,5063.98,4998.24,5031.87
1998-12-30,5054.46,5085.47,5001.81,5002.39
1999-01-04,4991.95,5254.18,4979.36,5252.36
1999-01-05,5221.43,5316.25,5137.48,5253.91
1999-01-06,5328.02,5443.65,5318.41,5443.62
1999-01-07,5485.61,5509.34,5265.68,5323.21
1999-01-08,5358.37,5452.01,5358.37,5392.84
1999-01-11,5404.22,5469.6,5260.88,5270.6
1999-01-12,5277.06,5316.3,5194.64,5200.1
1999-01-13,5143.78,5189,4856.41,4931.8
1999-01-14,5051.42,5086.24,4912.75,4912.75
1999-01-15,4869.19,4968.1,4768.41,4960.22
1999-01-18,5070.65,5103.17,5023.29,5050.4
1999-01-19,5076.49,5123.38,4984.49,5073.15
1999-01-20,5118.25,5181.37,5096.48,5143.06
1999-01-21,5136.44,5224.44,5122.16,5156.67
1999-01-22,5107.74,5107.74,4971.1,5019.28
1999-01-25,4968.72,5017.78,4900.68,4982.45
1999-01-26,5047.46,5071.23,4948.51,4986.8
1999-01-27,5059.08,5108.94,5044.83,5061.18
1999-01-28,5006.61,5122.71,4970.01,5096.41
1999-01-29,5129.84,5192.04,5112.98,5159.96
1999-02-01,5193.03,5287.96,5190.82,5190.82
1999-02-02,5201.16,5242.39,5157.1,5166.87
1999-02-03,5140.65,5164.05,5057.97,5085.66
1999-02-04,5129.8,5200.1,5077.85,5077.85
1999-02-05,5024.47,5091.22,4996.03,5080.77
1999-02-08,5123.23,5158.69,5002.23,5027.22
1999-02-09,5050.42,5095.46,4882.93,4904.35
1999-02-10,4841.55,4848.44,4749.45,4796.82
1999-02-11,4846.41,4876.68,4794.89,4839.33
1999-02-12,4924.65,4999.21,4882.32,4888.74
1999-02-15,4872.91,4879.55,4818.13,4879.55
1999-02-16,4926.91,4945.72,4879.12,4904.68
1999-02-17,4893.88,4895.31,4780.79,4810.09
1999-02-18,4792.08,4873.99,4791.85,4845.08
1999-02-19,4886.48,4903.55,4788.58,4802.38
1999-02-22,4871.02,4898.41,4818.22,4845.18
1999-02-23,4919.76,5034.44,4919.76,4987.56
1999-02-24,4970.34,5074.4,4945.43,5062.31
1999-02-25,5027.79,5027.79,4932.35,4958.58
1999-02-26,4934.96,4943.49,4853.55,4911.81
1999-03-01,4923.31,4943.44,4784.31,4784.31
1999-03-02,4798.72,4822.14,4706.48,4804.02
1999-03-03,4803.16,4811.92,4697.67,4697.67
1999-03-04,4685.27,4705.65,4605.27,4678.72
1999-03-05,4754.59,4862.45,4734.76,4839.09
1999-03-08,4878.43,4886.75,4785.2,4788.69
1999-03-09,4796.64,4861.16,4727.35,4758.46
1999-03-10,4773.34,4807.71,4704.96,4721.41
1999-03-11,4745.94,4808.7,4719.94,4754.41
1999-03-12,4970.85,5100.82,4969.3,5008.16
1999-03-15,5013.78,5062.85,4991.34,5029.24
1999-03-16,5054.96,5119.25,5030.79,5094.63
1999-03-17,5070.41,5127.19,5057.52,5077.43
1999-03-18,5034.63,5038.37,4983.18,5013.62
1999-03-19,5055.67,5151.01,5055.67,5099.48
1999-03-22,5076.36,5076.36,5023.06,5027.06
1999-03-23,5012.56,5016.22,4897.75,4915.03
1999-03-24,4828.54,4835.04,4757.9,4780.13
1999-03-25,4814.36,4861.96,4800.95,4860.26
1999-03-26,4882.88,4902.79,4743.98,4775.17
1999-03-29,4790.17,4876.92,4788.58,4876.92
1999-03-30,4919.95,4919.95,4821.12,4856.84
1999-03-31,4845.65,4889.82,4837.92,4884.2
1999-04-01,4852.39,4914.71,4779.04,4914.59
1999-04-06,4951.82,4992.1,4935.19,4965.29
1999-04-07,4986.64,5058.06,4986.52,5052.27
1999-04-08,5046.82,5069.59,5002.45,5068.75
1999-04-09,5103.92,5178.02,5103.92,5124.18
1999-04-12,5061.77,5166.99,5058.16,5159.16
1999-04-13,5209.61,5227.68,5174.38,5199.18
1999-04-14,5181.54,5221.83,5149.28,5182.16
1999-04-15,5158.76,5209.85,5144.6,5181.01
1999-04-16,5181.76,5202.26,5131.78,5155.35
1999-04-19,5150.84,5247.44,5150.37,5220.15
1999-04-20,5164.36,5190.65,5087.29,5087.29
1999-04-21,5100.43,5166.78,5100.43,5163.29
1999-04-22,5187.17,5256.58,5186.86,5218.82
1999-04-23,5245.15,5263.69,5186.95,5195.42
1999-04-26,5198.26,5264.82,5195.69,5256.22
1999-04-27,5288.12,5359.03,5261.56,5347.5
1999-04-28,5356.79,5364.63,5312.74,5348.61
1999-04-29,5347.4,5347.4,5284.13,5334.42
1999-04-30,5314.36,5397.64,5310.02,5393.11
1999-05-03,5372.68,5392.22,5345.73,5377.56
1999-05-04,5409.82,5449.22,5383.21,5383.21
1999-05-05,5348.4,5364.06,5301.28,5307.22
1999-05-06,5336.5,5370.65,5274.15,5274.45
1999-05-07,5280.73,5297.38,5234.95,5297.38
1999-05-10,5300.77,5317.08,5199.69,5205.95
1999-05-11,5238.34,5283.06,5236.89,5249.15
1999-05-12,5281.85,5309.85,5214.75,5248.02
1999-05-14,5271.49,5310.19,5173.03,5173.25
1999-05-17,5165.26,5170.28,5092.61,5114.47
1999-05-18,5134.17,5169.54,5111.97,5154.94
1999-05-19,5162.45,5191.86,5141.84,5181.51
1999-05-20,5214.36,5250.68,5207.31,5235.64
1999-05-21,5235.16,5269.44,5216.69,5264.68
1999-05-25,5213.79,5218.29,5136.76,5143.1
1999-05-26,5118.58,5194.36,5110.38,5160.44
1999-05-27,5200.61,5222.79,5067.44,5083.83
1999-05-28,5047.6,5071.82,5003.97,5068.73
1999-05-31,5099.66,5107.89,5033.24,5069.83
1999-06-01,5083.62,5090.89,5016.81,5021.24
1999-06-02,5035.99,5049,4980.63,4997.83
1999-06-04,5065.95,5108.49,5046.51,5107.81
1999-06-07,5130.53,5194.98,5097.55,5190.15
1999-06-08,5214.21,5237.25,5201.64,5211.08
1999-06-09,5184.85,5271.37,5165.69,5253.89
1999-06-10,5265.87,5287.88,5188.91,5206.47
1999-06-11,5205.52,5269.86,5197.22,5262.15
1999-06-14,5249.37,5292.06,5249.37,5268.87
1999-06-15,5269.93,5350.69,5239.67,5342.86
1999-06-16,5331,5390.7,5301.64,5381.25
1999-06-17,5404.37,5424.66,5387.48,5412
1999-06-18,5433.83,5500.93,5430.32,5430.32
1999-06-21,5366.28,5499.16,5366.28,5468.47
1999-06-22,5471.7,5481.96,5417.52,5468.67
1999-06-23,5436.72,5455.12,5387.2,5399.11
1999-06-24,5412.37,5441.98,5321.64,5327.6
1999-06-25,5318.89,5351.07,5287.27,5301.21
1999-06-28,5319.88,5358.42,5283.73,5356.95
1999-06-29,5370.01,5394.35,5332.96,5359.53
1999-06-30,5375.42,5413.69,5357.87,5378.52
1999-07-01,5428.34,5498.11,5425.85,5480.22
1999-07-02,5489.88,5521.7,5456.19,5519.05
1999-07-05,5533.2,5649.89,5528.85,5625.62
1999-07-06,5632.18,5640.11,5580.13,5612.9
1999-07-07,5606.71,5620.08,5547.88,5588.5
1999-07-08,5601.87,5646.58,5549.14,5607.1
1999-07-09,5598.51,5643.05,5598.51,5638.95
1999-07-12,5665.07,5686.55,5635.1,5652.02
1999-07-13,5646.34,5652.9,5553.42,5573.82
1999-07-14,5579.49,5649.42,5571.97,5610.89
1999-07-15,5608.38,5671.77,5598.39,5619.26
1999-07-16,5644.85,5653.52,5576.9,5619.94
1999-07-19,5632.99,5654.85,5600.15,5624.74
1999-07-20,5621.06,5643.19,5482.61,5491.29
1999-07-21,5461.94,5472.55,5401.84,5414.17
1999-07-22,5417.11,5442.69,5320.78,5340.91
1999-07-23,5349.04,5391.52,5297.86,5310.63
1999-07-26,5318.26,5330.02,5161.25,5206.44
1999-07-27,5196.71,5253.11,5188.53,5224.16
1999-07-28,5267.54,5274.33,5204.64,5229.56
1999-07-29,5235.66,5241.24,5035.2,5052.32
1999-07-30,5050.55,5110.52,5039.5,5101.87
1999-08-02,5088.65,5144.2,4970.74,5129.5
1999-08-03,5105.01,5139.24,5054.84,5107.68
1999-08-04,5097.69,5149.1,5067.2,5119.37
1999-08-05,5094.48,5094.48,4948.08,4978.45
1999-08-06,5013.38,5057.2,4974.98,5010.47
1999-08-09,5001.33,5102.56,4980.61,5087.3
1999-08-10,5089.83,5095.83,4975.15,5000.87
1999-08-11,5013.71,5047.43,5010.91,5019.69
1999-08-12,5073.28,5149.19,5068.88,5127.43
1999-08-13,5111.02,5224.81,5089.44,5219.43
1999-08-16,5241.57,5257.68,5196.94,5257.1
1999-08-17,5256.85,5301.49,5223.4,5259.91
1999-08-18,5272.58,5293.26,5217.55,5230.47
1999-08-19,5213.21,5235.08,5165.81,5186.85
1999-08-20,5200.24,5260.96,5200.24,5254.14
1999-08-23,5267.29,5314.27,5267.29,5301.98
1999-08-24,5328.73,5342.23,5268.24,5324.02
1999-08-25,5321.41,5414.52,5300.79,5400.32
1999-08-26,5433.94,5455.84,5354.6,5389.34
1999-08-27,5368.19,5428.95,5329.62,5420.36
1999-08-30,5414.42,5425.39,5363.59,5392.53
1999-08-31,5346.83,5346.83,5267.17,5270.77
1999-09-01,5286.58,5328.54,5273.9,5317.12
1999-09-02,5337.62,5340.65,5184.01,5189.92
1999-09-03,5202.54,5340.01,5199.68,5336.22
1999-09-06,5343.7,5416.2,5329.79,5400.55
1999-09-07,5397.48,5430.56,5364.34,5391.36
1999-09-08,5387.43,5401.09,5332.84,5400.7
1999-09-09,5397.45,5448.91,5370.36,5436.86
1999-09-10,5438.64,5522.41,5427.13,5483.95
1999-09-13,5489.6,5530.76,5440.92,5446.91
1999-09-14,5457.27,5493.2,5394.51,5401.47
1999-09-15,5385.42,5449.36,5342.91,5387.18
1999-09-16,5356.43,5361.62,5297.74,5304.42
1999-09-17,5331.52,5365.27,5290.32,5303.94
1999-09-20,5327.84,5372.87,5320.04,5351.98
1999-09-21,5378.91,5384.52,5247.7,5282.76
1999-09-22,5236.53,5286.24,5211.7,5238.76
1999-09-23,5256.43,5332.99,5228.85,5299.57
1999-09-24,5220.96,5220.96,5163.21,5186.53
1999-09-27,5207.66,5247.63,5201.47,5239.64
1999-09-28,5254.51,5261.85,5116.88,5119.1
1999-09-29,5157.17,5172.46,5069.87,5135.62
1999-09-30,5127.11,5149.83,5083.67,5149.83
1999-10-01,5166.57,5185.72,5078.59,5124.55
1999-10-04,5134.97,5251.57,5115.09,5218.86
1999-10-05,5245.83,5304.7,5224.49,5301.85
1999-10-06,5275.56,5353.32,5243.43,5353.32
1999-10-07,5395.32,5419.4,5353.47,5419.31
1999-10-08,5409.44,5439.53,5364.35,5419.26
1999-10-11,5453.08,5453.77,5396.05,5414.5
1999-10-12,5409.24,5432.12,5329.85,5358.46
1999-10-13,5315.57,5315.57,5264.8,5295.43
1999-10-14,5270.53,5319.33,5218.52,5220.29
1999-10-15,5211.66,5230.42,5101.89,5184.23
1999-10-18,5160.8,5177.64,5093.84,5156.28
1999-10-19,5172.37,5296.91,5150.17,5296.91
1999-10-20,5291.07,5326.67,5239.35,5291.23
1999-10-21,5290.19,5295.17,5211.11,5246.49
1999-10-22,5272.62,5362.01,5268.81,5357.75
1999-10-25,5356.7,5388.95,5300.79,5320.4
1999-10-26,5306.71,5394.84,5302.28,5388.76
1999-10-27,5356.71,5386.1,5324.35,5363.86
1999-10-28,5360.58,5492.97,5342.31,5478.89
1999-10-29,5503.19,5557.91,5492.84,5525.4
1999-11-01,5518.74,5549.78,5496.77,5524.92
1999-11-02,5524.42,5551.82,5474.12,5546.95
1999-11-03,5532.06,5592.09,5501.86,5560.87
1999-11-04,5568.92,5650.82,5561.28,5635.62
1999-11-05,5639.88,5680.67,5597.57,5658.1
1999-11-08,5628.74,5681.02,5613.95,5647.94
1999-11-09,5654.33,5755.25,5654.33,5694.73
1999-11-10,5685.5,5742.42,5661.68,5742.42
1999-11-11,5714.48,5803.84,5714.48,5802.36
1999-11-12,5789.5,5824.3,5750.65,5791.05
1999-11-15,5792.45,5861,5792.45,5859.29
1999-11-16,5849.56,5914.2,5809.37,5909.52
1999-11-17,5912.4,5950.8,5850.66,5870.17
1999-11-18,5870.67,5956.41,5856.33,5950.05
1999-11-19,5955.76,6032.67,5927.78,5955.97
1999-11-22,5951.7,5998.46,5812.21,5819.89
1999-11-23,5822.95,5869.68,5794.14,5814.74
1999-11-24,5815.09,5852.45,5765.36,5818.73
1999-11-25,5812.81,5967.61,5810.21,5961.45
1999-11-26,5964.97,6023.01,5943.37,5958.07
1999-11-29,5953.78,5978.64,5881.52,5888.88
1999-11-30,5875.49,5896.73,5808.95,5896.04
1999-12-01,5891.27,5960.59,5836.73,5933.84
1999-12-02,5933,5995.01,5912.17,5937.2
1999-12-03,5942.09,6127.12,5942.09,6119.17
1999-12-06,6126.72,6188.68,6095.88,6142.19
1999-12-07,6141.69,6188.49,6121.73,6158.77
1999-12-08,6135.27,6140.85,6051.57,6115.59
1999-12-09,6100.73,6178.17,6084.95,6118.06
1999-12-10,6121.68,6158.18,6067.08,6097.9
1999-12-13,6106.21,6159.21,6078.01,6127.2
1999-12-14,6129.31,6247.24,6103.36,6187.99
1999-12-15,6191.76,6232.75,6148.21,6232.75
1999-12-16,6228.93,6364.09,6220.53,6341.29
1999-12-17,6342.92,6443.05,6342.92,6353.9
1999-12-20,6358.48,6393.2,6296.9,6378.66
1999-12-21,6372.79,6423.88,6322.09,6418.68
1999-12-22,6431.51,6531.75,6431.51,6492.53
1999-12-23,6503.67,6798.19,6503.67,6782.39
1999-12-27,6784.37,6992.92,6784.37,6837.41
1999-12-28,6839.03,6885.2,6762.11,6861.54
1999-12-29,6845.37,6888.51,6812.72,6859.58
1999-12-30,6858.4,6972.66,6858.4,6958.14
2000-01-03,6961.72,7159.33,6720.87,6750.76
2000-01-04,6747.24,6755.36,6510.46,6586.95
2000-01-05,6585.85,6585.85,6388.91,6502.07
2000-01-06,6501.45,6539.31,6402.63,6474.92
2000-01-07,6489.94,6791.53,6470.14,6780.96
2000-01-10,6785.47,6975.26,6785.47,6925.52
2000-01-11,6926.04,6943.83,6821.26,6891.25
2000-01-12,6878.92,6913.5,6783.22,6912.81
2000-01-13,6913.13,7106.45,6898.69,6955.98
2000-01-14,6960.29,7207.45,6960.29,7173.22
2000-01-17,7177.48,7297.04,7112.97,7258.9
2000-01-18,7262.21,7306.48,7053.86,7072.12
2000-01-19,7065.31,7110.19,6987.12,7091.04
2000-01-20,7095.98,7230.75,7076.81,7112.66
2000-01-21,7103.7,7103.7,6939.94,6992.75
2000-01-24,6987.59,7092.5,6921.97,6931.99
2000-01-25,6928.08,6928.08,6809.64,6809.64
2000-01-26,6838.05,6980.93,6838.05,6969.37
2000-01-27,6983.42,7169.87,6944.65,7126.13
2000-01-28,7128.01,7214.58,7040.49,7066.6
2000-01-31,7054.24,7054.24,6816.54,6835.6
2000-02-01,6841.12,7052.22,6841.12,7050.46
2000-02-02,7063.57,7172.05,7038.71,7171.95
2000-02-03,7175.87,7354.56,7134.42,7354.26
2000-02-04,7355.69,7491.79,7338.15,7444.61
2000-02-07,7450.79,7450.79,7270.4,7296.32
2000-02-08,7295.61,7570.55,7263.19,7549.88
2000-02-09,7566.68,7676.56,7526.08,7629.11
2000-02-10,7617.07,7709.27,7496.42,7709.27
2000-02-11,7724.36,7812.09,7586.26,7611.55
2000-02-14,7569.01,7660.39,7542.3,7644.8
2000-02-15,7636.41,7699.97,7396.13,7396.13
2000-02-16,7401.26,7596.9,7342.65,7490.32
2000-02-17,7478.32,7637.46,7394.02,7580.53
2000-02-18,7584.39,7658.88,7543.5,7573.78
2000-02-21,7568.34,7590.53,7447.71,7590.53
2000-02-22,7580.38,7725.5,7540.36,7607.94
2000-02-23,7619.83,7772.28,7619.83,7698.97
2000-02-24,7696.92,7813.2,7587.08,7640.53
2000-02-25,7668.7,7776.84,7640.69,7738.68
2000-02-28,7732.9,7747.37,7492.23,7587.13
2000-02-29,7590.9,7700.36,7590.9,7644.55
2000-03-01,7645.3,7769.01,7618.6,7727.93
2000-03-02,7720.9,7950.66,7639.93,7945.77
2000-03-03,7952.28,8022.48,7874.57,7960.03
2000-03-06,7960.09,8030.59,7925.2,7975.78
2000-03-07,7971.23,8136.16,7929.52,8064.97
2000-03-08,8069.98,8097.68,7949.38,7987
2000-03-09,7984.21,8084.92,7877.19,7949.15
2000-03-10,7952.51,8076.31,7952.51,7975.95
2000-03-13,7977.06,7991.07,7630.31,7693.85
2000-03-14,7695.79,7757.03,7630.1,7650.05
2000-03-15,7633.2,7633.2,7411.76,7414.46
2000-03-16,7416.64,7648.28,7416.64,7583.96
2000-03-17,7594.99,7834.54,7574.52,7710.92
2000-03-20,7716.24,7887.97,7716.24,7872.38
2000-03-21,7865.48,7865.48,7735.74,7807.93
2000-03-22,7827.56,7949.72,7787.09,7798.62
2000-03-23,7803.69,7873.03,7677.08,7694.78
2000-03-24,7706.5,7932.42,7706.5,7932.42
2000-03-27,7932.71,7939.92,7832.06,7892.49
2000-03-28,7891.15,8031.21,7880.12,7931.93
2000-03-29,7930.82,7963.7,7859.44,7864.76
2000-03-30,7834.56,7849.53,7610.51,7644.89
2000-03-31,7649.88,7704.28,7522.7,7599.39
2000-04-03,7599.78,7641.53,7404.37,7429.22
2000-04-04,7431.42,7566.92,7430.18,7522.8
2000-04-05,7502.09,7538.72,7205.86,7330.77
2000-04-06,7345.01,7480.13,7325.72,7446.21
2000-04-07,7470.39,7533.36,7399.81,7522.2
2000-04-10,7534.91,7614.81,7507.93,7516.95
2000-04-11,7513.12,7513.12,7366.49,7442.66
2000-04-12,7438.26,7517.75,7414.38,7443.07
2000-04-13,7421.06,7450.39,7302.82,7449.06
2000-04-14,7440.05,7440.05,7168.9,7214.83
2000-04-17,7201.66,7201.66,6890.96,7187.14
2000-04-18,7186.18,7305.03,7094.92,7196.49
2000-04-19,7204.33,7305.94,7146.52,7216.71
2000-04-20,7216.22,7242.8,7157.95,7157.95
2000-04-25,7164.15,7317.06,7096.38,7280.51
